market,id,conference,edition,field,verdict,ours,page_value,quote,url,why
Cybersecurity,2027-shmoocon-washington,ShmooCon 2027,2027,START DATE,UNSUPPORTED,1/15/2027,,,,"the page states nothing for this field and edition; the page text never mentions 2027 (it shows 2024, 2025)"
Cybersecurity,2027-shmoocon-washington,ShmooCon 2027,2027,CONFERENCE DATES,UNSUPPORTED,"January 15 - January 17, 2027",,,,"the page states nothing for this field and edition; the page text never mentions 2027 (it shows 2024, 2025)"
Cybersecurity,2027-shmoocon-washington,ShmooCon 2027,2027,LOCATION,UNSUPPORTED,"Hilton Washington, Washington, D.C., USA",,,,"the page states nothing for this field and edition; the page text never mentions 2027 (it shows 2024, 2025)"
Cybersecurity,2027-shmoocon-washington,ShmooCon 2027,2027,SUBMISSION DEADLINE,UNSUPPORTED,11/15/2026,,,,"the page states nothing for this field and edition; the page text never mentions 2027 (it shows 2024, 2025)"
Cybersecurity,2027-cybertech-global-tel-aviv-tel-aviv,CyberTech Global Tel Aviv 2027,2027,START DATE,UNSUPPORTED,1/25/2027,,,,"the quote does not state that day, month and year"
Cybersecurity,2027-cybertech-global-tel-aviv-tel-aviv,CyberTech Global Tel Aviv 2027,2027,CONFERENCE DATES,UNSUPPORTED,"January 25 - January 27, 2027",,,,"the quote does not state that day, month and year"
Cybersecurity,2027-cybertech-global-tel-aviv-tel-aviv,CyberTech Global Tel Aviv 2027,2027,LOCATION,UNSUPPORTED,"Expo Tel Aviv (Pavilion 2), Tel Aviv, Israel",city Tel Aviv,Join us in Tel Aviv,https://www.cybertechisrael.com/,only the city is proven (it agrees); the other part is not
Cybersecurity,2027-cybertech-global-tel-aviv-tel-aviv,CyberTech Global Tel Aviv 2027,2027,SUBMISSION DEADLINE,UNSUPPORTED,11/1/2026,,,,the page states nothing for this field and edition
Cybersecurity,2026-wild-west-hackin-fest-mile-high-denver,Wild West Hackin' Fest @ Mile High 2026,2026,START DATE,UNSUPPORTED,10/21/2026,,,,the page states nothing for this field and edition
Cybersecurity,2026-wild-west-hackin-fest-mile-high-denver,Wild West Hackin' Fest @ Mile High 2026,2026,CONFERENCE DATES,UNSUPPORTED,"October 21 - October 23, 2026",,,,the page states nothing for this field and edition
Cybersecurity,2026-wild-west-hackin-fest-mile-high-denver,Wild West Hackin' Fest @ Mile High 2026,2026,LOCATION,UNSUPPORTED,"Hyatt Regency Denver at Colorado Convention Center, Denver, Colorado, USA",,,,the page states nothing for this field and edition
Cybersecurity,2026-wild-west-hackin-fest-mile-high-denver,Wild West Hackin' Fest @ Mile High 2026,2026,SUBMISSION DEADLINE,UNSUPPORTED,7/1/2026,,,,the page states nothing for this field and edition
Cybersecurity,2026-nullcon-goa-bambolim,Nullcon Goa 2027 (18th Edition),2027,START DATE,AGREES,2/27/2027,2027-02-27,Conference: 27th – 28th February 2027,https://nullcon.net/,"ok (2 ranges on the page; this one is labelled 'ay zero: 26th february 2027 conference:   2027 venue: tba, goa con' by the page)"
Cybersecurity,2026-nullcon-goa-bambolim,Nullcon Goa 2027 (18th Edition),2027,CONFERENCE DATES,AGREES,"February 27 - February 28, 2027",2027-02-27 to 2027-02-28,Conference: 27th – 28th February 2027,https://nullcon.net/,ok
Cybersecurity,2026-nullcon-goa-bambolim,Nullcon Goa 2027 (18th Edition),2027,LOCATION,UNSUPPORTED,"Grand Hyatt Goa, Bambolim, Goa, India",,,,the page states nothing for this field and edition
Cybersecurity,2026-nullcon-goa-bambolim,Nullcon Goa 2027 (18th Edition),2027,SUBMISSION DEADLINE,UNSUPPORTED,10/30/2026,,,,the page states nothing for this field and edition
Cybersecurity,2026-gartner-identity-access-management-summit-las-vegas,Gartner Identity & Access Management Summit 2026,2026,START DATE,AGREES,12/7/2026,2026-12-07,"December 7 – 9, 2026",https://www.gartner.com/en/conferences/na/identity-access-management-us,ok
Cybersecurity,2026-gartner-identity-access-management-summit-las-vegas,Gartner Identity & Access Management Summit 2026,2026,CONFERENCE DATES,AGREES,"December 7 - December 9, 2026",2026-12-07 to 2026-12-09,"December 7 – 9, 2026",https://www.gartner.com/en/conferences/na/identity-access-management-us,ok
Cybersecurity,2026-gartner-identity-access-management-summit-las-vegas,Gartner Identity & Access Management Summit 2026,2026,LOCATION,DIFFERS,"Gaylord Texan Resort & Convention Center, Grapevine, Texas, USA","city Las Vegas, country United States","Las Vegas, NV || December 7 – 9, 2026 | Las Vegas, NV",https://www.gartner.com/en/conferences/na/identity-access-management-us,differs in city
Cybersecurity,2026-gartner-identity-access-management-summit-las-vegas,Gartner Identity & Access Management Summit 2026,2026,SUBMISSION DEADLINE,UNSUPPORTED,8/31/2026,,,,the page states nothing for this field and edition
Cybersecurity,2027-cloud-cyber-security-expo-london-london,Cloud & Cyber Security Expo London 2027,2027,START DATE,DIFFERS,3/3/2027,2027-03-10,WEDNESDAY 10 MARCH 2027 - 09:00 - 17:00,https://www.cloudsecurityexpo.com/,ok
Cybersecurity,2027-cloud-cyber-security-expo-london-london,Cloud & Cyber Security Expo London 2027,2027,CONFERENCE DATES,DIFFERS,"March 3 - March 4, 2027",2027-03-10 to 2027-03-11,WEDNESDAY 10 MARCH 2027 - 09:00 - 17:00 || THURSDAY 11 MARCH 2027 - 09:30 - 17:00,https://www.cloudsecurityexpo.com/,ok
Cybersecurity,2027-cloud-cyber-security-expo-london-london,Cloud & Cyber Security Expo London 2027,2027,LOCATION,AGREES,"ExCeL London, London, United Kingdom","city London, country UK",Excel London || The UK's Leading Cyber Security & Cloud Event,https://www.cloudsecurityexpo.com/,ok
Cybersecurity,2027-cloud-cyber-security-expo-london-london,Cloud & Cyber Security Expo London 2027,2027,SUBMISSION DEADLINE,UNSUPPORTED,11/15/2026,,,,the page states nothing for this field and edition
Cybersecurity,2026-troopers-heidelberg,Troopers 2026 (Troopers Cybersecurity Conference),2026,START DATE,UNSUPPORTED,6/22/2026,,,,the page states nothing for this field and edition
Cybersecurity,2026-troopers-heidelberg,Troopers 2026 (Troopers Cybersecurity Conference),2026,CONFERENCE DATES,UNSUPPORTED,"June 22 - June 26, 2026",,,,the page states nothing for this field and edition
Cybersecurity,2026-troopers-heidelberg,Troopers 2026 (Troopers Cybersecurity Conference),2026,LOCATION,UNSUPPORTED,"Heidelberg Convention Center, Heidelberg, Germany",,,,the page states nothing for this field and edition
Cybersecurity,2026-troopers-heidelberg,Troopers 2026 (Troopers Cybersecurity Conference),2026,SUBMISSION DEADLINE,UNSUPPORTED,3/1/2026,,,,the page states nothing for this field and edition
Cybersecurity,2027-rsa-conference-san-francisco,RSA Conference 2027 (RSAC 2027),2027,START DATE,UNSUPPORTED,5/17/2027,,,,the page states nothing for this field and edition
Cybersecurity,2027-rsa-conference-san-francisco,RSA Conference 2027 (RSAC 2027),2027,CONFERENCE DATES,UNSUPPORTED,"May 17 - May 20, 2027",,,,the page states nothing for this field and edition
Cybersecurity,2027-rsa-conference-san-francisco,RSA Conference 2027 (RSAC 2027),2027,LOCATION,UNSUPPORTED,"Moscone Center, San Francisco, California, USA",,,,the page states nothing for this field and edition
Cybersecurity,2027-rsa-conference-san-francisco,RSA Conference 2027 (RSAC 2027),2027,SUBMISSION DEADLINE,UNSUPPORTED,10/16/2026,,,,the page states nothing for this field and edition
Cybersecurity,2026-security-bsides-austin-austin,Security BSides Austin 2026,2026,START DATE,UNSUPPORTED,11/12/2026,,,,no page could be read
Cybersecurity,2026-security-bsides-austin-austin,Security BSides Austin 2026,2026,CONFERENCE DATES,UNSUPPORTED,"November 12 - November 13, 2026",,,,no page could be read
Cybersecurity,2026-security-bsides-austin-austin,Security BSides Austin 2026,2026,LOCATION,UNSUPPORTED,"JJ Pickle Research Campus, Austin, Texas, USA",,,,no page could be read
Cybersecurity,2026-security-bsides-austin-austin,Security BSides Austin 2026,2026,SUBMISSION DEADLINE,UNSUPPORTED,8/31/2026,,,,no page could be read
Cybersecurity,2026-cyberuk-glasgow,CYBERUK 2026,2026,START DATE,UNSUPPORTED,5/12/2026,,,,the page states nothing for this field and edition
Cybersecurity,2026-cyberuk-glasgow,CYBERUK 2026,2026,CONFERENCE DATES,UNSUPPORTED,"May 12 - May 14, 2026",,,,the page states nothing for this field and edition
Cybersecurity,2026-cyberuk-glasgow,CYBERUK 2026,2026,LOCATION,UNSUPPORTED,"Scottish Event Campus (SEC Glasgow), Glasgow, Scotland, United Kingdom",,,,the page states nothing for this field and edition
Cybersecurity,2026-cyberuk-glasgow,CYBERUK 2026,2026,SUBMISSION DEADLINE,UNSUPPORTED,1/31/2026,,,,the page states nothing for this field and edition
Cybersecurity,2026-black-hat-asia-singapore,Black Hat Asia 2026,2026,START DATE,UNSUPPORTED,4/14/2026,,,,the page states nothing for this field and edition
Cybersecurity,2026-black-hat-asia-singapore,Black Hat Asia 2026,2026,CONFERENCE DATES,UNSUPPORTED,"April 14 - April 17, 2026",,,,the page states nothing for this field and edition
Cybersecurity,2026-black-hat-asia-singapore,Black Hat Asia 2026,2026,LOCATION,UNSUPPORTED,"Marina Bay Sands, Singapore",,,,the page states nothing for this field and edition
Cybersecurity,2026-black-hat-asia-singapore,Black Hat Asia 2026,2026,SUBMISSION DEADLINE,UNSUPPORTED,12/15/2025,,,,the page states nothing for this field and edition
Cybersecurity,2026-google-cloud-next-26-las-vegas,Google Cloud Next '26,2026,START DATE,UNSUPPORTED,4/7/2026,,,,the page states nothing for this field and edition
Cybersecurity,2026-google-cloud-next-26-las-vegas,Google Cloud Next '26,2026,CONFERENCE DATES,UNSUPPORTED,"April 7 - April 9, 2026",,,,the page states nothing for this field and edition
Cybersecurity,2026-google-cloud-next-26-las-vegas,Google Cloud Next '26,2026,LOCATION,UNSUPPORTED,"Mandalay Bay Convention Center, Las Vegas, Nevada, USA",,,,the page states nothing for this field and edition
Cybersecurity,2026-google-cloud-next-26-las-vegas,Google Cloud Next '26,2026,SUBMISSION DEADLINE,UNSUPPORTED,12/1/2025,,,,the page states nothing for this field and edition
Cybersecurity,2026-def-con-singapore-singapore,DEF CON Singapore 2026 (Inaugural Edition),2026,START DATE,UNSUPPORTED,11/6/2026,,,,"the page shows 3 date ranges and labels this one 'd floorplan open calls all calls closed  , 2026 training april 26-': a training or side range, not the conference"
Cybersecurity,2026-def-con-singapore-singapore,DEF CON Singapore 2026 (Inaugural Edition),2026,CONFERENCE DATES,UNSUPPORTED,"November 6 - November 8, 2026",,,,"the page shows 3 date ranges and labels this one 'd floorplan open calls all calls closed  , 2026 training april 26-': a training or side range, not the conference; first day not proven, last day proven"
Cybersecurity,2026-def-con-singapore-singapore,DEF CON Singapore 2026 (Inaugural Edition),2026,LOCATION,AGREES,"Marina Bay Sands, Singapore","city Singapore, country Singapore",Singapore,https://defcon.org/html/defcon-singapore/dc-singapore-index.html,ok
Cybersecurity,2026-def-con-singapore-singapore,DEF CON Singapore 2026 (Inaugural Edition),2026,SUBMISSION DEADLINE,DIFFERS,8/15/2026,2026-02-15,"The deadline is Feb 15, 2026, and it will be here before you know it.",https://defcon.org/html/defcon-singapore/dc-singapore-index.html,ok
Cybersecurity,2026-offensivecon-berlin-berlin,OffensiveCon Berlin 2026,2026,START DATE,DIFFERS,2/13/2026,2026-05-15,May 15-16th 2026,https://www.offensivecon.org/,ok
Cybersecurity,2026-offensivecon-berlin-berlin,OffensiveCon Berlin 2026,2026,CONFERENCE DATES,DIFFERS,"February 13 - February 14, 2026",2026-05-15 to 2026-05-16,May 15-16th 2026,https://www.offensivecon.org/,ok
Cybersecurity,2026-offensivecon-berlin-berlin,OffensiveCon Berlin 2026,2026,LOCATION,UNSUPPORTED,"Maritim ProArte Hotel, Berlin, Germany",city Berlin,Berlin,https://www.offensivecon.org/,only the city is proven (it agrees); the other part is not
Cybersecurity,2026-offensivecon-berlin-berlin,OffensiveCon Berlin 2026,2026,SUBMISSION DEADLINE,UNSUPPORTED,11/15/2025,,,,the page states nothing for this field and edition
Cybersecurity,2026-appsec-israel-tel-aviv,AppSec Israel 2026 (OWASP AppSec Israel),2026,START DATE,DIFFERS,9/15/2026,2026-10-06,"October 06, 2026 | Tel Aviv Expo, Pavilion 10",https://appsecil.org/,ok
Cybersecurity,2026-appsec-israel-tel-aviv,AppSec Israel 2026 (OWASP AppSec Israel),2026,CONFERENCE DATES,DIFFERS,"September 15 - September 16, 2026",2026-10-06 to 2026-10-06,"October 06, 2026 | Tel Aviv Expo, Pavilion 10 || Conference: October 06, 2026",https://appsecil.org/,ok
Cybersecurity,2026-appsec-israel-tel-aviv,AppSec Israel 2026 (OWASP AppSec Israel),2026,LOCATION,AGREES,"EXPO Tel Aviv (Pavilion 10), Tel Aviv, Israel","city Tel Aviv, country Israel","in central Tel Aviv, Israel",https://appsecil.org/,ok
Cybersecurity,2026-appsec-israel-tel-aviv,AppSec Israel 2026 (OWASP AppSec Israel),2026,SUBMISSION DEADLINE,UNSUPPORTED,7/15/2026,,,,the page states nothing for this field and edition
Cybersecurity,2026-gartner-security-risk-management-summit-emea-london,Gartner Security & Risk Management Summit EMEA 2026 (London),2026,START DATE,UNSUPPORTED,9/21/2026,,,,the page states nothing for this field and edition
Cybersecurity,2026-gartner-security-risk-management-summit-emea-london,Gartner Security & Risk Management Summit EMEA 2026 (London),2026,CONFERENCE DATES,UNSUPPORTED,"September 21 - September 23, 2026",,,,the page states nothing for this field and edition
Cybersecurity,2026-gartner-security-risk-management-summit-emea-london,Gartner Security & Risk Management Summit EMEA 2026 (London),2026,LOCATION,UNSUPPORTED,"InterContinental London - The O2, London, United Kingdom",,,,the page states nothing for this field and edition
Cybersecurity,2026-gartner-security-risk-management-summit-emea-london,Gartner Security & Risk Management Summit EMEA 2026 (London),2026,SUBMISSION DEADLINE,UNSUPPORTED,6/30/2026,,,,the page states nothing for this field and edition
Cybersecurity,2026-gartner-security-risk-management-summit-national-harbor,Gartner Security & Risk Management Summit 2026 (National Harbor / NA),2026,START DATE,UNSUPPORTED,6/1/2026,,,,the page states nothing for this field and edition
Cybersecurity,2026-gartner-security-risk-management-summit-national-harbor,Gartner Security & Risk Management Summit 2026 (National Harbor / NA),2026,CONFERENCE DATES,UNSUPPORTED,"June 1 - June 3, 2026",,,,the page states nothing for this field and edition
Cybersecurity,2026-gartner-security-risk-management-summit-national-harbor,Gartner Security & Risk Management Summit 2026 (National Harbor / NA),2026,LOCATION,UNSUPPORTED,"Gaylord National Resort & Convention Center, National Harbor, Maryland, USA",,,,the page states nothing for this field and edition
Cybersecurity,2026-gartner-security-risk-management-summit-national-harbor,Gartner Security & Risk Management Summit 2026 (National Harbor / NA),2026,SUBMISSION DEADLINE,UNSUPPORTED,2/15/2026,,,,the page states nothing for this field and edition
Cybersecurity,2026-ieee-symposium-on-security-privacy-san-francisco,IEEE Symposium on Security & Privacy 2026 (47th IEEE S&P / Oakland),2026,START DATE,AGREES,5/18/2026,2026-05-18,"The Symposium will be held on May 18-20, 2026, and the Security and Privacy Workshops will be held on May 21, 2026.",https://sp2026.ieee-security.org/,ok
Cybersecurity,2026-ieee-symposium-on-security-privacy-san-francisco,IEEE Symposium on Security & Privacy 2026 (47th IEEE S&P / Oakland),2026,CONFERENCE DATES,DIFFERS,"May 18 - May 21, 2026",2026-05-18 to 2026-05-20,"The Symposium will be held on May 18-20, 2026, and the Security and Privacy Workshops will be held on May 21, 2026.",https://sp2026.ieee-security.org/,ok
Cybersecurity,2026-ieee-symposium-on-security-privacy-san-francisco,IEEE Symposium on Security & Privacy 2026 (47th IEEE S&P / Oakland),2026,LOCATION,AGREES,"Hilton San Francisco Union Square, San Francisco, California, USA","city San Francisco, country United States","Both events will be in San Francisco, CA at the Hilton San Francisco Union Square.",https://sp2026.ieee-security.org/,ok
Cybersecurity,2026-ieee-symposium-on-security-privacy-san-francisco,IEEE Symposium on Security & Privacy 2026 (47th IEEE S&P / Oakland),2026,SUBMISSION DEADLINE,UNSUPPORTED,11/20/2025,,,,the page states nothing for this field and edition
Cybersecurity,2026-first-38th-annual-conference-denver,FIRST 38th Annual Conference 2026 (Forum of Incident Response Teams),2026,START DATE,AGREES,6/14/2026,2026-06-14,"The 38th Annual FIRST Conference will take place June 14–19, 2026, in Denver, Colorado, USA.",https://www.first.org/conference/2026/,ok
Cybersecurity,2026-first-38th-annual-conference-denver,FIRST 38th Annual Conference 2026 (Forum of Incident Response Teams),2026,CONFERENCE DATES,AGREES,"June 14 - June 19, 2026",2026-06-14 to 2026-06-19,"The 38th Annual FIRST Conference will take place June 14–19, 2026, in Denver, Colorado, USA.",https://www.first.org/conference/2026/,ok
Cybersecurity,2026-first-38th-annual-conference-denver,FIRST 38th Annual Conference 2026 (Forum of Incident Response Teams),2026,LOCATION,AGREES,"Denver, Colorado, USA","city Denver, country USA","Denver, Colorado, USA",https://www.first.org/conference/2026/,ok
Cybersecurity,2026-first-38th-annual-conference-denver,FIRST 38th Annual Conference 2026 (Forum of Incident Response Teams),2026,SUBMISSION DEADLINE,UNSUPPORTED,2/1/2026,,,,"the page's date is for another call (training, workshop, sponsor, registration or announcement), not the talk or paper call"
Cybersecurity,2026-infosecurity-europe-london,Infosecurity Europe 2026,2026,START DATE,UNSUPPORTED,6/2/2026,,,,the page states nothing for this field and edition
Cybersecurity,2026-infosecurity-europe-london,Infosecurity Europe 2026,2026,CONFERENCE DATES,UNSUPPORTED,"June 2 - June 4, 2026",,,,the page states nothing for this field and edition
Cybersecurity,2026-infosecurity-europe-london,Infosecurity Europe 2026,2026,LOCATION,UNSUPPORTED,"ExCeL London, London, United Kingdom",,,,the page states nothing for this field and edition
Cybersecurity,2026-infosecurity-europe-london,Infosecurity Europe 2026,2026,SUBMISSION DEADLINE,UNSUPPORTED,1/31/2026,,,,the page states nothing for this field and edition
Cybersecurity,2026-owasp-italy-day-cagliari,OWASP Italy Day 2026,2026,START DATE,DIFFERS,6/17/2026,2026-06-18,"06/18/2026, 8:30 AM CDT",https://owasp.org/www-chapter-italy/,ok
Cybersecurity,2026-owasp-italy-day-cagliari,OWASP Italy Day 2026,2026,CONFERENCE DATES,DIFFERS,"June 17 - June 18, 2026",2026-06-18 to ?,"06/18/2026, 8:30 AM CDT",https://owasp.org/www-chapter-italy/,first day differs; last day not proven
Cybersecurity,2026-owasp-italy-day-cagliari,OWASP Italy Day 2026,2026,LOCATION,AGREES,"Cagliari, Sardinia, Italy","city Cagliari, country Italy","Emerson Beach Club, Cagliari, Italy",https://owasp.org/www-chapter-italy/,ok
Cybersecurity,2026-owasp-italy-day-cagliari,OWASP Italy Day 2026,2026,SUBMISSION DEADLINE,UNSUPPORTED,4/15/2026,,,,the page states nothing for this field and edition
Cybersecurity,2026-area41-security-conference-d-bendorf,Area41 Security Conference 2026,2026,START DATE,AGREES,6/18/2026,2026-06-18,Day 1: 18 June 2026,https://area41.io/,ok
Cybersecurity,2026-area41-security-conference-d-bendorf,Area41 Security Conference 2026,2026,CONFERENCE DATES,AGREES,"June 18 - June 19, 2026",2026-06-18 to 2026-06-19,Day 1: 18 June 2026 || Day 2: 19 June 2026,https://area41.io/,ok
Cybersecurity,2026-area41-security-conference-d-bendorf,Area41 Security Conference 2026,2026,LOCATION,UNSUPPORTED,"The Hall Dubendorf, Zurich, Switzerland",country Switzerland,Area41 is Switzerland's most well-known technical information security conference.,https://area41.io/,only the country is proven (it agrees); the other part is not
Cybersecurity,2026-area41-security-conference-d-bendorf,Area41 Security Conference 2026,2026,SUBMISSION DEADLINE,UNSUPPORTED,3/31/2026,,,,the page states nothing for this field and edition
Cybersecurity,2026-owasp-global-appsec-eu-vienna,OWASP Global AppSec EU 2026 (25th Anniversary),2026,START DATE,UNSUPPORTED,6/25/2026,,,,the page states nothing for this field and edition
Cybersecurity,2026-owasp-global-appsec-eu-vienna,OWASP Global AppSec EU 2026 (25th Anniversary),2026,CONFERENCE DATES,UNSUPPORTED,"June 25 - June 26, 2026",,,,the page states nothing for this field and edition
Cybersecurity,2026-owasp-global-appsec-eu-vienna,OWASP Global AppSec EU 2026 (25th Anniversary),2026,LOCATION,UNSUPPORTED,"Austria Center Vienna, Vienna, Austria",,,,the page states nothing for this field and edition
Cybersecurity,2026-owasp-global-appsec-eu-vienna,OWASP Global AppSec EU 2026 (25th Anniversary),2026,SUBMISSION DEADLINE,UNSUPPORTED,3/1/2026,,,,the page states nothing for this field and edition
Cybersecurity,2026-gartner-security-risk-management-summit-japan-grand-nikko-tokyo-daiba,Gartner Security & Risk Management Summit Japan 2026,2026,START DATE,UNSUPPORTED,7/22/2026,,,,the page states nothing for this field and edition
Cybersecurity,2026-gartner-security-risk-management-summit-japan-grand-nikko-tokyo-daiba,Gartner Security & Risk Management Summit Japan 2026,2026,CONFERENCE DATES,UNSUPPORTED,"July 22 - July 24, 2026",,,,the page states nothing for this field and edition
Cybersecurity,2026-gartner-security-risk-management-summit-japan-grand-nikko-tokyo-daiba,Gartner Security & Risk Management Summit Japan 2026,2026,LOCATION,UNSUPPORTED,"Grand Nikko Tokyo Daiba, Tokyo, Japan",,,,the page states nothing for this field and edition
Cybersecurity,2026-gartner-security-risk-management-summit-japan-grand-nikko-tokyo-daiba,Gartner Security & Risk Management Summit Japan 2026,2026,SUBMISSION DEADLINE,UNSUPPORTED,4/15/2026,,,,the page states nothing for this field and edition
Cybersecurity,2026-black-hat-usa-las-vegas,Black Hat USA 2026,2026,START DATE,UNSUPPORTED,8/1/2026,,,,the page shows 2 date ranges and nothing labels this one as the conference
Cybersecurity,2026-black-hat-usa-las-vegas,Black Hat USA 2026,2026,CONFERENCE DATES,UNSUPPORTED,"August 1 - August 6, 2026",,,,"the quote does not state that day, month and year"
Cybersecurity,2026-black-hat-usa-las-vegas,Black Hat USA 2026,2026,LOCATION,AGREES,"Mandalay Bay Convention Center, Las Vegas, Nevada, USA","city Las Vegas, country USA",LAS VEGAS || black hat USA 2026,https://www.blackhat.com/us-26/,ok
Cybersecurity,2026-black-hat-usa-las-vegas,Black Hat USA 2026,2026,SUBMISSION DEADLINE,UNSUPPORTED,4/6/2026,,,,the page states nothing for this field and edition
Cybersecurity,2026-bsides-las-vegas-las-vegas,BSides Las Vegas 2026 (BSidesLV),2026,START DATE,UNSUPPORTED,8/3/2026,,,,the page states nothing for this field and edition
Cybersecurity,2026-bsides-las-vegas-las-vegas,BSides Las Vegas 2026 (BSidesLV),2026,CONFERENCE DATES,UNSUPPORTED,"August 3 - August 5, 2026",,,,the page states nothing for this field and edition
Cybersecurity,2026-bsides-las-vegas-las-vegas,BSides Las Vegas 2026 (BSidesLV),2026,LOCATION,UNSUPPORTED,"Tuscany Suites & Casino, Las Vegas, Nevada, USA",,,,the page states nothing for this field and edition
Cybersecurity,2026-bsides-las-vegas-las-vegas,BSides Las Vegas 2026 (BSidesLV),2026,SUBMISSION DEADLINE,UNSUPPORTED,4/30/2026,,,,the page states nothing for this field and edition
Cybersecurity,2026-def-con-34-las-vegas,DEF CON 34,2026,START DATE,UNSUPPORTED,8/6/2026,,,,the page states nothing for this field and edition
Cybersecurity,2026-def-con-34-las-vegas,DEF CON 34,2026,CONFERENCE DATES,UNSUPPORTED,"August 6 - August 9, 2026",,,,the page states nothing for this field and edition
Cybersecurity,2026-def-con-34-las-vegas,DEF CON 34,2026,LOCATION,UNSUPPORTED,"Las Vegas Convention Center (LVCC) West Hall, Las Vegas, Nevada, USA",,,,the page states nothing for this field and edition
Cybersecurity,2026-def-con-34-las-vegas,DEF CON 34,2026,SUBMISSION DEADLINE,UNSUPPORTED,5/1/2026,,,,the page states nothing for this field and edition
Cybersecurity,2026-appsec-village-at-def-con-34-las-vegas,AppSec Village at DEF CON 34,2026,START DATE,DIFFERS,8/6/2026,2026-08-07,"DEF CON 34 August 7-9, 2026",https://www.appsecvillage.com/,"ok (2 ranges on the page; this one is labelled 'march 24-26, 2026 learn more def con 34  , 2026 learn more get inv' by the page)"
Cybersecurity,2026-appsec-village-at-def-con-34-las-vegas,AppSec Village at DEF CON 34,2026,CONFERENCE DATES,DIFFERS,"August 6 - August 9, 2026",2026-08-07 to 2026-08-09,"DEF CON 34 August 7-9, 2026",https://www.appsecvillage.com/,ok
Cybersecurity,2026-appsec-village-at-def-con-34-las-vegas,AppSec Village at DEF CON 34,2026,LOCATION,UNSUPPORTED,"Las Vegas Convention Center (LVCC) West Hall, Las Vegas, Nevada, USA",,,,the page states nothing for this field and edition
Cybersecurity,2026-appsec-village-at-def-con-34-las-vegas,AppSec Village at DEF CON 34,2026,SUBMISSION DEADLINE,UNSUPPORTED,5/15/2026,,,,the page states nothing for this field and edition
Cybersecurity,2026-usenix-security-symposium-baltimore,USENIX Security Symposium 2026 (35th USENIX Security '26),2026,START DATE,UNSUPPORTED,8/12/2026,,,,the page states nothing for this field and edition
Cybersecurity,2026-usenix-security-symposium-baltimore,USENIX Security Symposium 2026 (35th USENIX Security '26),2026,CONFERENCE DATES,UNSUPPORTED,"August 12 - August 14, 2026",,,,the page states nothing for this field and edition
Cybersecurity,2026-usenix-security-symposium-baltimore,USENIX Security Symposium 2026 (35th USENIX Security '26),2026,LOCATION,UNSUPPORTED,"Baltimore Marriott Waterfront, Baltimore, Maryland, USA",,,,the page states nothing for this field and edition
Cybersecurity,2026-usenix-security-symposium-baltimore,USENIX Security Symposium 2026 (35th USENIX Security '26),2026,SUBMISSION DEADLINE,UNSUPPORTED,2/5/2026,,,,the page states nothing for this field and edition
Cybersecurity,2026-crowdstrike-fal-con-las-vegas,CrowdStrike Fal.Con 2026,2026,START DATE,UNSUPPORTED,8/31/2026,,,,"the quote does not state that day, month and year"
Cybersecurity,2026-crowdstrike-fal-con-las-vegas,CrowdStrike Fal.Con 2026,2026,CONFERENCE DATES,UNSUPPORTED,"August 31 - September 3, 2026",,,,"the quote does not state that day, month and year"
Cybersecurity,2026-crowdstrike-fal-con-las-vegas,CrowdStrike Fal.Con 2026,2026,LOCATION,UNSUPPORTED,"Mandalay Bay Resort & Casino, Las Vegas, Nevada, USA",city Las Vegas,Las Vegas,https://www.crowdstrike.com/en-us/events/fal-con/las-vegas/,only the city is proven (it agrees); the other part is not
Cybersecurity,2026-crowdstrike-fal-con-las-vegas,CrowdStrike Fal.Con 2026,2026,SUBMISSION DEADLINE,UNSUPPORTED,5/15/2026,,,,the page states nothing for this field and edition
Cybersecurity,2026-devseccon-virtual,DevSecCon 2026 (DevSecCon Global / Virtual),2026,START DATE,UNSUPPORTED,10/14/2026,,,,the page states nothing for this field and edition
Cybersecurity,2026-devseccon-virtual,DevSecCon 2026 (DevSecCon Global / Virtual),2026,CONFERENCE DATES,UNSUPPORTED,"October 14 - October 15, 2026",,,,the page states nothing for this field and edition
Cybersecurity,2026-devseccon-virtual,DevSecCon 2026 (DevSecCon Global / Virtual),2026,LOCATION,UNSUPPORTED,Virtual / Global Online Event,,,,the page states nothing for this field and edition
Cybersecurity,2026-devseccon-virtual,DevSecCon 2026 (DevSecCon Global / Virtual),2026,SUBMISSION DEADLINE,UNSUPPORTED,7/31/2026,,,,the page states nothing for this field and edition
Cybersecurity,2026-infosec-world-orlando,InfoSec World 2026,2026,START DATE,DIFFERS,10/12/2026,2026-10-11,"October 11-15, 2026",https://www.infosecworldusa.com/,ok
Cybersecurity,2026-infosec-world-orlando,InfoSec World 2026,2026,CONFERENCE DATES,DIFFERS,"October 12 - October 14, 2026",2026-10-11 to 2026-10-15,"October 11-15, 2026",https://www.infosecworldusa.com/,ok
Cybersecurity,2026-infosec-world-orlando,InfoSec World 2026,2026,LOCATION,AGREES,"Gaylord Palms Resort & Convention Center, Orlando, Florida, USA","city Orlando, country United States","Gaylord Palms, Orlando, Florida",https://www.infosecworldusa.com/,ok
Cybersecurity,2026-infosec-world-orlando,InfoSec World 2026,2026,SUBMISSION DEADLINE,UNSUPPORTED,5/15/2026,,,,the page states nothing for this field and edition
Cybersecurity,2026-billington-17th-annual-cybersecurity-summit-washington,Billington 17th Annual CyberSecurity Summit 2026,2026,START DATE,UNSUPPORTED,9/8/2026,,,,"the quote does not state that day, month and year"
Cybersecurity,2026-billington-17th-annual-cybersecurity-summit-washington,Billington 17th Annual CyberSecurity Summit 2026,2026,CONFERENCE DATES,UNSUPPORTED,"September 8 - September 10, 2026",,,,"the quote does not state that day, month and year"
Cybersecurity,2026-billington-17th-annual-cybersecurity-summit-washington,Billington 17th Annual CyberSecurity Summit 2026,2026,LOCATION,UNSUPPORTED,"Walter E. Washington Convention Center, Washington, D.C., USA",city Washington,"WASHINGTON, DC",https://billingtoncybersummit.com/,only the city is proven (it agrees); the other part is not
Cybersecurity,2026-billington-17th-annual-cybersecurity-summit-washington,Billington 17th Annual CyberSecurity Summit 2026,2026,SUBMISSION DEADLINE,UNSUPPORTED,5/31/2026,,,,the page states nothing for this field and edition
Cybersecurity,2026-labscon-scottsdale,LabsCon 2026 (SentinelOne LabsCon),2026,START DATE,DIFFERS,9/20/2026,2026-09-16,"LABScon will take place at Omni Scottsdale Resort & Spa at Montelucia in Scottsdale, Arizona from Wednesday, September 16, 2026 to Saturday, September 19, 2026.",https://www.labscon.io/,ok
Cybersecurity,2026-labscon-scottsdale,LabsCon 2026 (SentinelOne LabsCon),2026,CONFERENCE DATES,DIFFERS,"September 20 - September 23, 2026",2026-09-16 to 2026-09-19,"LABScon will take place at Omni Scottsdale Resort & Spa at Montelucia in Scottsdale, Arizona from Wednesday, September 16, 2026 to Saturday, September 19, 2026.",https://www.labscon.io/,ok
Cybersecurity,2026-labscon-scottsdale,LabsCon 2026 (SentinelOne LabsCon),2026,LOCATION,AGREES,"Scottsdale Resort at McCormick Ranch, Scottsdale, Arizona, USA","city Scottsdale, country United States","Scottsdale, Arizona || LABScon will take place at Omni Scottsdale Resort & Spa at Montelucia in Scottsdale, Arizona from Wednesday, September 16, 2026 to Saturday, September 19, 2026.",https://www.labscon.io/,ok
Cybersecurity,2026-labscon-scottsdale,LabsCon 2026 (SentinelOne LabsCon),2026,SUBMISSION DEADLINE,UNSUPPORTED,6/1/2026,,,,the page states nothing for this field and edition
Cybersecurity,2026-german-owasp-day-karlsruhe,OWASP German Chapter Conference (AppSec Karlsruhe 2026),2026,START DATE,UNSUPPORTED,9/22/2026,,,,the page states nothing for this field and edition
Cybersecurity,2026-german-owasp-day-karlsruhe,OWASP German Chapter Conference (AppSec Karlsruhe 2026),2026,CONFERENCE DATES,UNSUPPORTED,"September 22 - September 24, 2026",,,,the page states nothing for this field and edition
Cybersecurity,2026-german-owasp-day-karlsruhe,OWASP German Chapter Conference (AppSec Karlsruhe 2026),2026,LOCATION,UNSUPPORTED,"Karlsruhe Institute of Technology (KIT) / ZKM, Karlsruhe, Germany",,,,the page states nothing for this field and edition
Cybersecurity,2026-german-owasp-day-karlsruhe,OWASP German Chapter Conference (AppSec Karlsruhe 2026),2026,SUBMISSION DEADLINE,UNSUPPORTED,6/15/2026,,,,the page states nothing for this field and edition
Cybersecurity,2026-owasp-appsec-days-france-paris,OWASP AppSec Days France 2026,2026,START DATE,DIFFERS,11/18/2026,2026-09-24,Elle se tiendra le jeudi 24 septembre 2026.,https://owaspappsecdays.fr/,ok
Cybersecurity,2026-owasp-appsec-days-france-paris,OWASP AppSec Days France 2026,2026,CONFERENCE DATES,DIFFERS,"November 18 - November 19, 2026",2026-09-24 to 2026-09-24,Elle se tiendra le jeudi 24 septembre 2026. || cet évènement se déroulera sur une journée : le jeudi 24 septembre 2026.,https://owaspappsecdays.fr/,ok
Cybersecurity,2026-owasp-appsec-days-france-paris,OWASP AppSec Days France 2026,2026,LOCATION,AGREES,"Espace Saint-Martin, Paris, France","city Paris, country France","organisée à Paris, en France.",https://owaspappsecdays.fr/,ok
Cybersecurity,2026-owasp-appsec-days-france-paris,OWASP AppSec Days France 2026,2026,SUBMISSION DEADLINE,UNSUPPORTED,8/31/2026,,,,the page states nothing for this field and edition
Cybersecurity,2026-owasp-global-appsec-usa-san-francisco,OWASP Global AppSec USA 2026,2026,START DATE,UNSUPPORTED,11/2/2026,,,,the page states nothing for this field and edition
Cybersecurity,2026-owasp-global-appsec-usa-san-francisco,OWASP Global AppSec USA 2026,2026,CONFERENCE DATES,UNSUPPORTED,"November 2 - November 6, 2026",,,,the page states nothing for this field and edition
Cybersecurity,2026-owasp-global-appsec-usa-san-francisco,OWASP Global AppSec USA 2026,2026,LOCATION,UNSUPPORTED,"San Francisco Marriott Marquis, San Francisco, California, USA",,,,the page states nothing for this field and edition
Cybersecurity,2026-owasp-global-appsec-usa-san-francisco,OWASP Global AppSec USA 2026,2026,SUBMISSION DEADLINE,UNSUPPORTED,7/15/2026,,,,the page states nothing for this field and edition
Cybersecurity,2026-lascon-austin,LASCON 2026 (Lonestar Application Security Conference),2026,START DATE,DIFFERS,10/22/2026,2026-10-29,"Conference dates will be Thursday and Friday, October 29-30, 2026.",https://lascon.org/,ok
Cybersecurity,2026-lascon-austin,LASCON 2026 (Lonestar Application Security Conference),2026,CONFERENCE DATES,DIFFERS,"October 22 - October 23, 2026",2026-10-29 to 2026-10-30,"Conference dates will be Thursday and Friday, October 29-30, 2026.",https://lascon.org/,ok
Cybersecurity,2026-lascon-austin,LASCON 2026 (Lonestar Application Security Conference),2026,LOCATION,AGREES,"Norris Conference Center, Austin, Texas, USA","city Austin, country United States","Austin, Texas 78757",https://lascon.org/,ok
Cybersecurity,2026-lascon-austin,LASCON 2026 (Lonestar Application Security Conference),2026,SUBMISSION DEADLINE,UNSUPPORTED,7/31/2026,,,,the page states nothing for this field and edition
Cybersecurity,2026-it-sa-expo-congress-nuremberg,it-sa Expo & Congress 2026,2026,START DATE,DIFFERS,10/6/2026,2026-10-27,"27 - 29 October 2026 | Nuremberg, Germany",https://www.itsa365.de/en/it-sa-expo-congress,ok
Cybersecurity,2026-it-sa-expo-congress-nuremberg,it-sa Expo & Congress 2026,2026,CONFERENCE DATES,DIFFERS,"October 6 - October 8, 2026",2026-10-27 to 2026-10-29,"27 - 29 October 2026 | Nuremberg, Germany",https://www.itsa365.de/en/it-sa-expo-congress,ok
Cybersecurity,2026-it-sa-expo-congress-nuremberg,it-sa Expo & Congress 2026,2026,LOCATION,AGREES,"NurnbergMesse, Nuremberg, Germany","city Nuremberg, country Germany","27 - 29 October 2026 | Nuremberg, Germany",https://www.itsa365.de/en/it-sa-expo-congress,ok
Cybersecurity,2026-it-sa-expo-congress-nuremberg,it-sa Expo & Congress 2026,2026,SUBMISSION DEADLINE,UNSUPPORTED,5/31/2026,,,,the page states nothing for this field and edition
Cybersecurity,2026-sector-toronto,SecTor 2026 (Black Hat Canada / SecTor),2026,START DATE,DIFFERS,10/20/2026,2026-10-06,"October 6-8, 2026",https://www.blackhat.com/sector/,ok
Cybersecurity,2026-sector-toronto,SecTor 2026 (Black Hat Canada / SecTor),2026,CONFERENCE DATES,DIFFERS,"October 20 - October 22, 2026",2026-10-06 to 2026-10-08,"October 6-8, 2026",https://www.blackhat.com/sector/,ok
Cybersecurity,2026-sector-toronto,SecTor 2026 (Black Hat Canada / SecTor),2026,LOCATION,UNSUPPORTED,"Metro Toronto Convention Centre (MTCC), Toronto, Ontario, Canada",city Toronto,SecTor 2026 will take place in the Metro Toronto Convention Centre (MTCC) in downtown Toronto.,https://www.blackhat.com/sector/,only the city is proven (it agrees); the other part is not
Cybersecurity,2026-sector-toronto,SecTor 2026 (Black Hat Canada / SecTor),2026,SUBMISSION DEADLINE,UNSUPPORTED,6/15/2026,,,,the page states nothing for this field and edition
Cybersecurity,2026-wild-west-hackin-fest-deadwood-deadwood,Wild West Hackin' Fest Deadwood 2026,2026,START DATE,DIFFERS,10/6/2026,2026-10-07,"Live & Virtual Conference October 7-9, 2026",https://wildwesthackinfest.com/,"ok (2 ranges on the page; this one is labelled 'ber 6-7, 2026 live & virtual conference  , 2026 location deadwood' by the page)"
Cybersecurity,2026-wild-west-hackin-fest-deadwood-deadwood,Wild West Hackin' Fest Deadwood 2026,2026,CONFERENCE DATES,DIFFERS,"October 6 - October 9, 2026",2026-10-07 to 2026-10-09,"Live & Virtual Conference October 7-9, 2026",https://wildwesthackinfest.com/,ok
Cybersecurity,2026-wild-west-hackin-fest-deadwood-deadwood,Wild West Hackin' Fest Deadwood 2026,2026,LOCATION,AGREES,"The Lodge at Deadwood, Deadwood, South Dakota, USA","city Deadwood, country United States","Deadwood, South Dakota || Our Next Event: October 2026 in Deadwood, South Dakota",https://wildwesthackinfest.com/,ok
Cybersecurity,2026-wild-west-hackin-fest-deadwood-deadwood,Wild West Hackin' Fest Deadwood 2026,2026,SUBMISSION DEADLINE,UNSUPPORTED,6/30/2026,,,,the page states nothing for this field and edition
Cybersecurity,2026-isc2-security-congress-aurora,ISC2 Security Congress 2026,2026,START DATE,DIFFERS,10/19/2026,2026-10-24,"OCTOBER 24-28, 2026 | GAYLORD ROCKIES + VIRTUAL",https://www.isc2.org/congress,ok
Cybersecurity,2026-isc2-security-congress-aurora,ISC2 Security Congress 2026,2026,CONFERENCE DATES,DIFFERS,"October 19 - October 21, 2026",2026-10-24 to 2026-10-28,"OCTOBER 24-28, 2026 | GAYLORD ROCKIES + VIRTUAL",https://www.isc2.org/congress,ok
Cybersecurity,2026-isc2-security-congress-aurora,ISC2 Security Congress 2026,2026,LOCATION,UNSUPPORTED,"Music City Center, Nashville, Tennessee, USA",,,,the page states nothing for this field and edition
Cybersecurity,2026-isc2-security-congress-aurora,ISC2 Security Congress 2026,2026,SUBMISSION DEADLINE,UNSUPPORTED,5/15/2026,,,,the page states nothing for this field and edition
Cybersecurity,2026-cyberdefensecon-orlando,CyberDefenseCon 2026 (Cyber Defense Magazine),2026,START DATE,UNSUPPORTED,10/20/2026,,,,the page states nothing for this field and edition
Cybersecurity,2026-cyberdefensecon-orlando,CyberDefenseCon 2026 (Cyber Defense Magazine),2026,CONFERENCE DATES,UNSUPPORTED,"October 20 - October 21, 2026",,,,the page states nothing for this field and edition
Cybersecurity,2026-cyberdefensecon-orlando,CyberDefenseCon 2026 (Cyber Defense Magazine),2026,LOCATION,UNSUPPORTED,"The Ritz-Carlton Orlando, Grande Lakes, Orlando, Florida, USA",,,,the page states nothing for this field and edition
Cybersecurity,2026-cyberdefensecon-orlando,CyberDefenseCon 2026 (Cyber Defense Magazine),2026,SUBMISSION DEADLINE,NO_VALUE,,,,,the page states nothing for this field and edition
Cybersecurity,2026-sans-cyber-defense-initiative-washington,SANS Cyber Defense Initiative 2026 (CDI 2026),2026,START DATE,UNSUPPORTED,12/12/2026,,,,"the quote does not state that day, month and year"
Cybersecurity,2026-sans-cyber-defense-initiative-washington,SANS Cyber Defense Initiative 2026 (CDI 2026),2026,CONFERENCE DATES,UNSUPPORTED,"December 12 - December 17, 2026",,,,"the quote does not state that day, month and year; first day not proven, last day proven"
Cybersecurity,2026-sans-cyber-defense-initiative-washington,SANS Cyber Defense Initiative 2026 (CDI 2026),2026,LOCATION,DIFFERS,"Grand Hyatt Washington, Washington, D.C., USA",city Washington D.C.,Washington D.C.,https://www.sans.org/cyber-security-training-events/cyber-defense-initiative-2026,differs in city
Cybersecurity,2026-sans-cyber-defense-initiative-washington,SANS Cyber Defense Initiative 2026 (CDI 2026),2026,SUBMISSION DEADLINE,UNSUPPORTED,9/15/2026,,,,the page states nothing for this field and edition
Cybersecurity,2026-fwd-cloudsec-north-america-bellevue,fwd:cloudsec North America 2026,2026,START DATE,DIFFERS,9/14/2026,2026-06-01,"June 1-2, 2026",https://fwdcloudsec.org/,ok
Cybersecurity,2026-fwd-cloudsec-north-america-bellevue,fwd:cloudsec North America 2026,2026,CONFERENCE DATES,DIFFERS,"September 14 - September 15, 2026",2026-06-01 to 2026-06-02,"June 1-2, 2026",https://fwdcloudsec.org/,ok
Cybersecurity,2026-fwd-cloudsec-north-america-bellevue,fwd:cloudsec North America 2026,2026,LOCATION,DIFFERS,"Philadelphia, Pennsylvania, USA","city Bellevue, country USA","Where : 4th floor of the Meydenbauer Center in Bellevue, Washington, USA",https://fwdcloudsec.org/,differs in city
Cybersecurity,2026-fwd-cloudsec-north-america-bellevue,fwd:cloudsec North America 2026,2026,SUBMISSION DEADLINE,UNSUPPORTED,5/31/2026,,,,the page states nothing for this field and edition
Cybersecurity,2026-secureworld-st-louis-st-louis,SecureWorld St. Louis 2026,2026,START DATE,AGREES,9/2/2026,2026-09-02,"St. Louis, MO 2026-09-02 2026-09-02",https://www.secureworld.io/,ok
Cybersecurity,2026-secureworld-st-louis-st-louis,SecureWorld St. Louis 2026,2026,CONFERENCE DATES,AGREES,"September 02, 2026",2026-09-02 to 2026-09-02,"St. Louis, MO 2026-09-02 2026-09-02",https://www.secureworld.io/,ok
Cybersecurity,2026-secureworld-st-louis-st-louis,SecureWorld St. Louis 2026,2026,LOCATION,AGREES,"St. Louis, Missouri, USA","city St. Louis, country United States","St. Louis, MO 2026-09-02 2026-09-02",https://www.secureworld.io/,ok
Cybersecurity,2026-secureworld-st-louis-st-louis,SecureWorld St. Louis 2026,2026,SUBMISSION DEADLINE,UNSUPPORTED,7/8/2026,,,,the page states nothing for this field and edition
Cybersecurity,2026-secureworld-detroit-novi,SecureWorld Detroit 2026,2026,START DATE,AGREES,9/17/2026,2026-09-17,"Detroit, MI 2026-09-17 2026-09-17",https://www.secureworld.io/,ok
Cybersecurity,2026-secureworld-detroit-novi,SecureWorld Detroit 2026,2026,CONFERENCE DATES,AGREES,"September 17, 2026",2026-09-17 to 2026-09-17,"Detroit, MI 2026-09-17 2026-09-17",https://www.secureworld.io/,ok
Cybersecurity,2026-secureworld-detroit-novi,SecureWorld Detroit 2026,2026,LOCATION,AGREES,"Detroit, Michigan, USA","city Detroit, country United States","Detroit, MI 2026-09-17 2026-09-17",https://www.secureworld.io/,ok
Cybersecurity,2026-secureworld-detroit-novi,SecureWorld Detroit 2026,2026,SUBMISSION DEADLINE,UNSUPPORTED,8/3/2026,,,,the page states nothing for this field and edition
Cybersecurity,2026-secureworld-quantum-cryptography-virtual,SecureWorld Quantum Cryptography 2026,2026,START DATE,UNSUPPORTED,9/23/2026,,,,the page states nothing for this field and edition
Cybersecurity,2026-secureworld-quantum-cryptography-virtual,SecureWorld Quantum Cryptography 2026,2026,CONFERENCE DATES,UNSUPPORTED,"September 23, 2026",,,,the page states nothing for this field and edition
Cybersecurity,2026-secureworld-quantum-cryptography-virtual,SecureWorld Quantum Cryptography 2026,2026,LOCATION,UNSUPPORTED,Virtual,,,,the page states nothing for this field and edition
Cybersecurity,2026-secureworld-quantum-cryptography-virtual,SecureWorld Quantum Cryptography 2026,2026,SUBMISSION DEADLINE,UNSUPPORTED,8/9/2026,,,,the page states nothing for this field and edition
Cybersecurity,2026-secureworld-atlanta-atlanta,SecureWorld Atlanta 2026,2026,START DATE,AGREES,9/24/2026,2026-09-24,"Atlanta, GA 2026-09-24 2026-09-24",https://www.secureworld.io/,ok
Cybersecurity,2026-secureworld-atlanta-atlanta,SecureWorld Atlanta 2026,2026,CONFERENCE DATES,AGREES,"September 24, 2026",2026-09-24 to 2026-09-24,"Atlanta, GA 2026-09-24 2026-09-24",https://www.secureworld.io/,ok
Cybersecurity,2026-secureworld-atlanta-atlanta,SecureWorld Atlanta 2026,2026,LOCATION,AGREES,"Atlanta, Georgia, USA","city Atlanta, country United States","Atlanta, GA 2026-09-24 2026-09-24",https://www.secureworld.io/,ok
Cybersecurity,2026-secureworld-atlanta-atlanta,SecureWorld Atlanta 2026,2026,SUBMISSION DEADLINE,UNSUPPORTED,7/24/2026,,,,the page states nothing for this field and edition
Cybersecurity,2026-secureworld-denver-denver,SecureWorld Denver 2026,2026,START DATE,AGREES,10/1/2026,2026-10-01,"Denver, CO 2026-10-01 2026-10-01",https://www.secureworld.io/,ok
Cybersecurity,2026-secureworld-denver-denver,SecureWorld Denver 2026,2026,CONFERENCE DATES,AGREES,"October 01, 2026",2026-10-01 to 2026-10-01,"Denver, CO 2026-10-01 2026-10-01",https://www.secureworld.io/,ok
Cybersecurity,2026-secureworld-denver-denver,SecureWorld Denver 2026,2026,LOCATION,AGREES,"Denver, Colorado, USA","city Denver, country United States","Denver, CO 2026-10-01 2026-10-01",https://www.secureworld.io/,ok
Cybersecurity,2026-secureworld-denver-denver,SecureWorld Denver 2026,2026,SUBMISSION DEADLINE,UNSUPPORTED,7/30/2026,,,,the page states nothing for this field and edition
Cybersecurity,2026-secureworld-dallas-plano,SecureWorld Dallas 2026,2026,START DATE,AGREES,10/8/2026,2026-10-08,"Dallas, TX 2026-10-08 2026-10-08",https://www.secureworld.io/,ok
Cybersecurity,2026-secureworld-dallas-plano,SecureWorld Dallas 2026,2026,CONFERENCE DATES,AGREES,"October 08, 2026",2026-10-08 to 2026-10-08,"Dallas, TX 2026-10-08 2026-10-08",https://www.secureworld.io/,ok
Cybersecurity,2026-secureworld-dallas-plano,SecureWorld Dallas 2026,2026,LOCATION,AGREES,"Dallas, Texas, USA","city Dallas, country United States","Dallas, TX 2026-10-08 2026-10-08",https://www.secureworld.io/,ok
Cybersecurity,2026-secureworld-dallas-plano,SecureWorld Dallas 2026,2026,SUBMISSION DEADLINE,UNSUPPORTED,8/8/2026,,,,the page states nothing for this field and edition
Cybersecurity,2026-secureworld-threat-defense-virtual,SecureWorld Threat Defense 2026,2026,START DATE,AGREES,10/21/2026,2026-10-21,Threat Defense 2026 2026-10-21 2026-10-21,https://www.secureworld.io/,ok
Cybersecurity,2026-secureworld-threat-defense-virtual,SecureWorld Threat Defense 2026,2026,CONFERENCE DATES,AGREES,"October 21, 2026",2026-10-21 to 2026-10-21,Threat Defense 2026 2026-10-21 2026-10-21,https://www.secureworld.io/,ok
Cybersecurity,2026-secureworld-threat-defense-virtual,SecureWorld Threat Defense 2026,2026,LOCATION,UNSUPPORTED,Virtual,,,,the page states nothing for this field and edition
Cybersecurity,2026-secureworld-threat-defense-virtual,SecureWorld Threat Defense 2026,2026,SUBMISSION DEADLINE,UNSUPPORTED,9/1/2026,,,,the page states nothing for this field and edition
Cybersecurity,2026-secureworld-new-york-city-new-york,SecureWorld New York City 2026,2026,START DATE,AGREES,10/29/2026,2026-10-29,"New York City, NY 2026 2026-10-29 2026-10-29",https://www.secureworld.io/,ok
Cybersecurity,2026-secureworld-new-york-city-new-york,SecureWorld New York City 2026,2026,CONFERENCE DATES,AGREES,"October 29, 2026",2026-10-29 to 2026-10-29,"New York City, NY 2026 2026-10-29 2026-10-29",https://www.secureworld.io/,ok
Cybersecurity,2026-secureworld-new-york-city-new-york,SecureWorld New York City 2026,2026,LOCATION,DIFFERS,"New York, New York, USA","city New York City, country United States","New York City, NY 2026 2026-10-29 2026-10-29",https://www.secureworld.io/,differs in city
Cybersecurity,2026-secureworld-new-york-city-new-york,SecureWorld New York City 2026,2026,SUBMISSION DEADLINE,UNSUPPORTED,8/29/2026,,,,the page states nothing for this field and edition
Cybersecurity,2026-secureworld-seattle-bellevue,SecureWorld Seattle 2026,2026,START DATE,AGREES,11/4/2026,2026-11-04,"Seattle, WA 2026-11-04 2026-11-05",https://www.secureworld.io/,ok
Cybersecurity,2026-secureworld-seattle-bellevue,SecureWorld Seattle 2026,2026,CONFERENCE DATES,AGREES,"November 04 - November 05, 2026",2026-11-04 to 2026-11-05,"Seattle, WA 2026-11-04 2026-11-05",https://www.secureworld.io/,ok
Cybersecurity,2026-secureworld-seattle-bellevue,SecureWorld Seattle 2026,2026,LOCATION,UNSUPPORTED,"Seattle, Washington, USA",city Seattle,"Seattle, WA 2026-11-04 2026-11-05",https://www.secureworld.io/,only the city is proven (it agrees); the other part is not
Cybersecurity,2026-secureworld-seattle-bellevue,SecureWorld Seattle 2026,2026,SUBMISSION DEADLINE,UNSUPPORTED,9/4/2026,,,,the page states nothing for this field and edition
Cybersecurity,2026-secureworld-east-virtual,SecureWorld East 2026,2026,START DATE,AGREES,11/18/2026,2026-11-18,East 2026 2026-11-18 2026-11-18,https://www.secureworld.io/,ok
Cybersecurity,2026-secureworld-east-virtual,SecureWorld East 2026,2026,CONFERENCE DATES,AGREES,"November 18, 2026",2026-11-18 to 2026-11-18,East 2026 2026-11-18 2026-11-18,https://www.secureworld.io/,ok
Cybersecurity,2026-secureworld-east-virtual,SecureWorld East 2026,2026,LOCATION,UNSUPPORTED,Virtual,,,,the page states nothing for this field and edition
Cybersecurity,2026-secureworld-east-virtual,SecureWorld East 2026,2026,SUBMISSION DEADLINE,UNSUPPORTED,10/4/2026,,,,the page states nothing for this field and edition
Cybersecurity,2026-secureworld-twin-cities-bloomington,SecureWorld Twin Cities 2026,2026,START DATE,AGREES,11/19/2026,2026-11-19,"Twin Cities, MN 2026 2026-11-19 2026-11-19",https://www.secureworld.io/,ok
Cybersecurity,2026-secureworld-twin-cities-bloomington,SecureWorld Twin Cities 2026,2026,CONFERENCE DATES,AGREES,"November 19, 2026",2026-11-19 to 2026-11-19,"Twin Cities, MN 2026 2026-11-19 2026-11-19",https://www.secureworld.io/,ok
Cybersecurity,2026-secureworld-twin-cities-bloomington,SecureWorld Twin Cities 2026,2026,LOCATION,AGREES,"Twin Cities, Minnesota, USA","city Twin Cities, country United States","Twin Cities, MN 2026 2026-11-19 2026-11-19",https://www.secureworld.io/,ok
Cybersecurity,2026-secureworld-twin-cities-bloomington,SecureWorld Twin Cities 2026,2026,SUBMISSION DEADLINE,UNSUPPORTED,9/19/2026,,,,the page states nothing for this field and edition
Cybersecurity,2026-secureworld-government-critical-infrastructure-virtual,SecureWorld Government & Critical Infrastructure 2026,2026,START DATE,AGREES,12/9/2026,2026-12-09,Government & Critical Infrastructure 2026 2026-12-09 2026-12-09,https://www.secureworld.io/,ok
Cybersecurity,2026-secureworld-government-critical-infrastructure-virtual,SecureWorld Government & Critical Infrastructure 2026,2026,CONFERENCE DATES,AGREES,"December 09, 2026",2026-12-09 to 2026-12-09,Government & Critical Infrastructure 2026 2026-12-09 2026-12-09,https://www.secureworld.io/,ok
Cybersecurity,2026-secureworld-government-critical-infrastructure-virtual,SecureWorld Government & Critical Infrastructure 2026,2026,LOCATION,UNSUPPORTED,Virtual,,,,the page states nothing for this field and edition
Cybersecurity,2026-secureworld-government-critical-infrastructure-virtual,SecureWorld Government & Critical Infrastructure 2026,2026,SUBMISSION DEADLINE,UNSUPPORTED,10/28/2026,,,,the page states nothing for this field and edition
Cybersecurity,2027-black-hat-asia-summits-singapore,Black Hat Asia 2027 (Call for Summits Sessions),2027,START DATE,UNSUPPORTED,3/1/2027,,,,the page states nothing for this field and edition
Cybersecurity,2027-black-hat-asia-summits-singapore,Black Hat Asia 2027 (Call for Summits Sessions),2027,CONFERENCE DATES,UNSUPPORTED,"March 1, 2027",,,,the page states nothing for this field and edition
Cybersecurity,2027-black-hat-asia-summits-singapore,Black Hat Asia 2027 (Call for Summits Sessions),2027,LOCATION,UNSUPPORTED,"Marina Bay Sands, Singapore",,,,the page states nothing for this field and edition
Cybersecurity,2027-black-hat-asia-summits-singapore,Black Hat Asia 2027 (Call for Summits Sessions),2027,SUBMISSION DEADLINE,NO_VALUE,,,,,the page states nothing for this field and edition
Cybersecurity,2027-black-hat-asia-briefings-singapore,Black Hat Asia 2027 (Call for Briefings),2027,START DATE,AGREES,3/2/2027,2027-03-02,2-3 March 2027,https://blackhat.com/call-for-papers.html,ok
Cybersecurity,2027-black-hat-asia-briefings-singapore,Black Hat Asia 2027 (Call for Briefings),2027,CONFERENCE DATES,AGREES,"March 2-3, 2027",2027-03-02 to 2027-03-03,2-3 March 2027,https://blackhat.com/call-for-papers.html,ok
Cybersecurity,2027-black-hat-asia-briefings-singapore,Black Hat Asia 2027 (Call for Briefings),2027,LOCATION,AGREES,"Marina Bay Sands, Singapore","city Singapore, country Singapore","Briefings Dates/Location: 2-3 March 2027, Marina Bay Sands, Singapore",https://blackhat.com/call-for-papers.html,ok
Cybersecurity,2027-black-hat-asia-briefings-singapore,Black Hat Asia 2027 (Call for Briefings),2027,SUBMISSION DEADLINE,FILLS,,2026-10-20,Call for Briefings Closes: 20 October 2026 (23:59 Singapore Time GMT/UTC +8h),https://blackhat.com/call-for-papers.html,ok
Cybersecurity,2027-sans-cyber-threat-intelligence-osint-summit-alexandria,SANS Cyber Threat Intelligence Summit and OSINT Summit,2027,START DATE,UNSUPPORTED,2/1/2027,,,,"the quote does not state that day, month and year"
Cybersecurity,2027-sans-cyber-threat-intelligence-osint-summit-alexandria,SANS Cyber Threat Intelligence Summit and OSINT Summit,2027,CONFERENCE DATES,UNSUPPORTED,"February 1-2, 2027",,,,"the quote does not state that day, month and year"
Cybersecurity,2027-sans-cyber-threat-intelligence-osint-summit-alexandria,SANS Cyber Threat Intelligence Summit and OSINT Summit,2027,LOCATION,AGREES,"Alexandria, VA, USA","city Alexandria, country United States","New for 2027: The SANS Cyber Threat Intelligence Summit and SANS Open-Source Intelligence Summit will take place alongside each other in Alexandria, VA on February 1 and 2, 2027.",https://www.sans.org/cyber-security-summit/speak-at-a-summit,ok
Cybersecurity,2027-sans-cyber-threat-intelligence-osint-summit-alexandria,SANS Cyber Threat Intelligence Summit and OSINT Summit,2027,SUBMISSION DEADLINE,FILLS,,2026-10-19,"Deadline for submission is October 19, 2026.",https://www.sans.org/cyber-security-summit/speak-at-a-summit,ok
Cybersecurity,2027-troopers-27-heidelberg,TROOPERS27,2027,START DATE,NO_VALUE,,,,,the page states nothing for this field and edition
Cybersecurity,2027-troopers-27-heidelberg,TROOPERS27,2027,CONFERENCE DATES,UNSUPPORTED,2027,,,,the page states nothing for this field and edition
Cybersecurity,2027-troopers-27-heidelberg,TROOPERS27,2027,LOCATION,UNSUPPORTED,"Heidelberg, Germany",,,,the page states nothing for this field and edition
Cybersecurity,2027-troopers-27-heidelberg,TROOPERS27,2027,SUBMISSION DEADLINE,NO_VALUE,,,,,the page states nothing for this field and edition
Cybersecurity,2026-triangle-infosecon-raleigh-speaking,Triangle InfoSeCon 2026,2026,START DATE,AGREES,10/30/2026,2026-10-30,"Friday, October 30, 2026",https://triangleinfosecon.com/,ok
Cybersecurity,2026-triangle-infosecon-raleigh-speaking,Triangle InfoSeCon 2026,2026,CONFERENCE DATES,AGREES,"October 30, 2026",2026-10-30 to 2026-10-30,"Friday, October 30, 2026",https://triangleinfosecon.com/,ok
Cybersecurity,2026-triangle-infosecon-raleigh-speaking,Triangle InfoSeCon 2026,2026,LOCATION,AGREES,"Raleigh, NC, USA","city Raleigh, country United States","Raleigh, NC",https://triangleinfosecon.com/,ok
Cybersecurity,2026-triangle-infosecon-raleigh-speaking,Triangle InfoSeCon 2026,2026,SUBMISSION DEADLINE,NO_VALUE,,,,,the page states nothing for this field and edition
Cybersecurity,2027-acm-codaspy-alexandria-speaking,17th ACM Conference on Data and Application Security and Privacy (CODASPY 2027),2027,START DATE,AGREES,6/14/2027,2027-06-14,"June 14 – 17, 2027",https://www.codaspy.org/2027/index.html,ok
Cybersecurity,2027-acm-codaspy-alexandria-speaking,17th ACM Conference on Data and Application Security and Privacy (CODASPY 2027),2027,CONFERENCE DATES,AGREES,"June 14-17, 2027",2027-06-14 to 2027-06-17,"June 14 – 17, 2027",https://www.codaspy.org/2027/index.html,ok
Cybersecurity,2027-acm-codaspy-alexandria-speaking,17th ACM Conference on Data and Application Security and Privacy (CODASPY 2027),2027,LOCATION,AGREES,"Fort Collins, CO, USA","city Fort Collins, country USA","Fort Collins, Colorado, USA",https://www.codaspy.org/2027/index.html,ok
Cybersecurity,2027-acm-codaspy-alexandria-speaking,17th ACM Conference on Data and Application Security and Privacy (CODASPY 2027),2027,SUBMISSION DEADLINE,NO_VALUE,,,,,the page states nothing for this field and edition
Cybersecurity,2027-apres-cyber-slopes-summit-steamboat-springs-speaking,Apres-Cyber Slopes Summit 2027,2027,START DATE,AGREES,2/24/2027,2027-02-24,"February 24-26, 2027",https://www.aprescyber.com/2027-summit,ok
Cybersecurity,2027-apres-cyber-slopes-summit-steamboat-springs-speaking,Apres-Cyber Slopes Summit 2027,2027,CONFERENCE DATES,AGREES,"February 24-26, 2027",2027-02-24 to 2027-02-26,"February 24-26, 2027",https://www.aprescyber.com/2027-summit,ok
Cybersecurity,2027-apres-cyber-slopes-summit-steamboat-springs-speaking,Apres-Cyber Slopes Summit 2027,2027,LOCATION,AGREES,"Blair Education Center, Park City, UT, USA","city Park City, country United States","Park City, Utah",https://www.aprescyber.com/2027-summit,ok
Cybersecurity,2027-apres-cyber-slopes-summit-steamboat-springs-speaking,Apres-Cyber Slopes Summit 2027,2027,SUBMISSION DEADLINE,NO_VALUE,,,,,the page states nothing for this field and edition
Cybersecurity,2027-owasp-boston-application-security-conference-boston-speaking,OWASP Boston Application Security Conference (BASC 2027),2027,START DATE,AGREES,4/3/2027,2027-04-03,"Saturday, April 3, 2027",https://basconf.org/,ok
Cybersecurity,2027-owasp-boston-application-security-conference-boston-speaking,OWASP Boston Application Security Conference (BASC 2027),2027,CONFERENCE DATES,AGREES,"April 3, 2027",2027-04-03 to 2027-04-03,"Saturday, April 3, 2027",https://basconf.org/,ok
Cybersecurity,2027-owasp-boston-application-security-conference-boston-speaking,OWASP Boston Application Security Conference (BASC 2027),2027,LOCATION,DIFFERS,"Boston, MA, USA",city Cambridge,"50 Broadway, Cambridge MA 02142",https://basconf.org/,differs in city
Cybersecurity,2027-owasp-boston-application-security-conference-boston-speaking,OWASP Boston Application Security Conference (BASC 2027),2027,SUBMISSION DEADLINE,FILLS,,2027-01-15,"Jan 15, 2027

Call for Papers closes

Submissions due by 11:59 PM EST.",https://basconf.org/,ok
Cybersecurity,2027-aaiml-conference-london-speaking,AAIML Conference 2027,2027,START DATE,AGREES,3/29/2027,2027-03-29,"March 29 - March 31, 2027 | Tokyo, Japan",https://aaiml.net/,ok
Cybersecurity,2027-aaiml-conference-london-speaking,AAIML Conference 2027,2027,CONFERENCE DATES,AGREES,"March 29-31, 2027",2027-03-29 to 2027-03-31,"March 29 - March 31, 2027 | Tokyo, Japan",https://aaiml.net/,ok
Cybersecurity,2027-aaiml-conference-london-speaking,AAIML Conference 2027,2027,LOCATION,AGREES,"Tokyo, Japan","city Tokyo, country Japan","Tokyo, Japan",https://aaiml.net/,ok
Cybersecurity,2027-aaiml-conference-london-speaking,AAIML Conference 2027,2027,SUBMISSION DEADLINE,FILLS,,2026-10-10,"Submission Deadline October 10, 2026",https://aaiml.net/,ok
Cybersecurity,2026-icrai-international-conference-robotics-ai-guangzhou-speaking,ICRAI 2026: International Conference on Robotics and Artificial Intelligence,2026,START DATE,AGREES,12/18/2026,2026-12-18,"December 18-20, 2026",https://www.icrai.org/,ok
Cybersecurity,2026-icrai-international-conference-robotics-ai-guangzhou-speaking,ICRAI 2026: International Conference on Robotics and Artificial Intelligence,2026,CONFERENCE DATES,AGREES,"December 18-20, 2026",2026-12-18 to 2026-12-20,"December 18-20, 2026",https://www.icrai.org/,ok
Cybersecurity,2026-icrai-international-conference-robotics-ai-guangzhou-speaking,ICRAI 2026: International Conference on Robotics and Artificial Intelligence,2026,LOCATION,AGREES,"Songdo, Incheon, South Korea","city Incheon, country Korea","Songdo, Incheon, Korea",https://www.icrai.org/,ok
Cybersecurity,2026-icrai-international-conference-robotics-ai-guangzhou-speaking,ICRAI 2026: International Conference on Robotics and Artificial Intelligence,2026,SUBMISSION DEADLINE,FILLS,,2026-10-10,"Submission Deadline: October 10, 2026",https://www.icrai.org/,ok
Cybersecurity,2026-raai-international-conference-robotics-automation-ai-singapore-speaking,"RAAI 2026: International Conference on Robotics, Automation and Artificial Intelligence",2026,START DATE,UNSUPPORTED,12/18/2026,,,,the page states nothing for this field and edition
Cybersecurity,2026-raai-international-conference-robotics-automation-ai-singapore-speaking,"RAAI 2026: International Conference on Robotics, Automation and Artificial Intelligence",2026,CONFERENCE DATES,UNSUPPORTED,"December 18-20, 2026",,,,"the page states nothing for this field and edition; first day not proven, last day proven"
Cybersecurity,2026-raai-international-conference-robotics-automation-ai-singapore-speaking,"RAAI 2026: International Conference on Robotics, Automation and Artificial Intelligence",2026,LOCATION,AGREES,Singapore,"city Singapore, country Singapore","will be held in Singapore from December 18-20, 2026.",https://raai.net/,ok
Cybersecurity,2026-raai-international-conference-robotics-automation-ai-singapore-speaking,"RAAI 2026: International Conference on Robotics, Automation and Artificial Intelligence",2026,SUBMISSION DEADLINE,FILLS,,2026-10-10,"Submission Deadline: October 10th, 2026",https://raai.net/,ok
Cybersecurity,2027-ai-con-usa-las-vegas-speaking,AI Con USA 2027,2027,START DATE,UNSUPPORTED,6/6/2027,,,,the page states nothing for this field and edition
Cybersecurity,2027-ai-con-usa-las-vegas-speaking,AI Con USA 2027,2027,CONFERENCE DATES,UNSUPPORTED,"June 6-11, 2027",,,,"the page states nothing for this field and edition; first day not proven, last day proven"
Cybersecurity,2027-ai-con-usa-las-vegas-speaking,AI Con USA 2027,2027,LOCATION,UNSUPPORTED,"Seattle, WA, USA",city Seattle,"SEATTLE, WA + ONLINE",https://aiconusa.techwell.com/,only the city is proven (it agrees); the other part is not
Cybersecurity,2027-ai-con-usa-las-vegas-speaking,AI Con USA 2027,2027,SUBMISSION DEADLINE,NO_VALUE,,,,,the page states nothing for this field and edition
Cybersecurity,2027-mwc-barcelona-appworld-barcelona-speaking,AppWorld (MWC Mobile World Congress 2027),2027,START DATE,AGREES,3/1/2027,2027-03-01,"1 - 4 March, 2027",https://www.mwcbarcelona.com/,ok
Cybersecurity,2027-mwc-barcelona-appworld-barcelona-speaking,AppWorld (MWC Mobile World Congress 2027),2027,CONFERENCE DATES,AGREES,"March 1-4, 2027",2027-03-01 to 2027-03-04,"1 - 4 March, 2027",https://www.mwcbarcelona.com/,ok
Cybersecurity,2027-mwc-barcelona-appworld-barcelona-speaking,AppWorld (MWC Mobile World Congress 2027),2027,LOCATION,UNSUPPORTED,"Barcelona, Spain",city Barcelona,"Fira Gran Via, Barcelona",https://www.mwcbarcelona.com/,only the city is proven (it agrees); the other part is not
Cybersecurity,2027-mwc-barcelona-appworld-barcelona-speaking,AppWorld (MWC Mobile World Congress 2027),2027,SUBMISSION DEADLINE,NO_VALUE,,,,,the page states nothing for this field and edition
Cybersecurity,2027-odsc-east-boston-speaking,ODSC East 2027 (Open Data Science Conference),2027,START DATE,FILLS,,2027-05-10,"Menino Convention and Exhibition Center, Boston, MA | May 10-12th, 2027",https://odsc.ai/east/,ok
Cybersecurity,2027-odsc-east-boston-speaking,ODSC East 2027 (Open Data Science Conference),2027,CONFERENCE DATES,FILLS,,2027-05-10 to 2027-05-12,"Menino Convention and Exhibition Center, Boston, MA | May 10-12th, 2027",https://odsc.ai/east/,ok
Cybersecurity,2027-odsc-east-boston-speaking,ODSC East 2027 (Open Data Science Conference),2027,LOCATION,AGREES,"Boston, MA, USA","city Boston, country United States","Menino Convention and Exhibition Center, Boston, MA | May 10-12th, 2027",https://odsc.ai/east/,ok
Cybersecurity,2027-odsc-east-boston-speaking,ODSC East 2027 (Open Data Science Conference),2027,SUBMISSION DEADLINE,NO_VALUE,,,,,the page states nothing for this field and edition
Cybersecurity,2026-aaai-acm-conference-ai-ethics-society-malmo-speaking,AAAI/ACM Conference on AI Ethics & Society,2026,START DATE,AGREES,10/12/2026,2026-10-12,"October 12-14, 2026",https://www.aies-conference.com/2026/,ok
Cybersecurity,2026-aaai-acm-conference-ai-ethics-society-malmo-speaking,AAAI/ACM Conference on AI Ethics & Society,2026,CONFERENCE DATES,FILLS,,2026-10-12 to 2026-10-14,"October 12-14, 2026",https://www.aies-conference.com/2026/,ok
Cybersecurity,2026-aaai-acm-conference-ai-ethics-society-malmo-speaking,AAAI/ACM Conference on AI Ethics & Society,2026,LOCATION,AGREES,"Malmo Live, Malmo, Sweden","city Malmo, country Sweden","Malmo Live Malmo, Sweden",https://www.aies-conference.com/2026/,ok
Cybersecurity,2026-aaai-acm-conference-ai-ethics-society-malmo-speaking,AAAI/ACM Conference on AI Ethics & Society,2026,SUBMISSION DEADLINE,NO_VALUE,,,,,the page states nothing for this field and edition
Cybersecurity,2026-ai-big-data-congress-barcelona-speaking,AI & Big Data Congress,2026,START DATE,UNSUPPORTED,10/20/2026,,,,"the quote does not state that day, month and year"
Cybersecurity,2026-ai-big-data-congress-barcelona-speaking,AI & Big Data Congress,2026,CONFERENCE DATES,NO_VALUE,,,,,"the quote does not state that day, month and year; first day not proven, last day proven"
Cybersecurity,2026-ai-big-data-congress-barcelona-speaking,AI & Big Data Congress,2026,LOCATION,UNSUPPORTED,"L'illa Auditorium, Barcelona, Spain",city Barcelona,Barcelona,https://aicongress.barcelona/en/,only the city is proven (it agrees); the other part is not
Cybersecurity,2026-ai-big-data-congress-barcelona-speaking,AI & Big Data Congress,2026,SUBMISSION DEADLINE,NO_VALUE,,,,,the page states nothing for this field and edition
Cybersecurity,2026-cdao-fall-boston-speaking,CDAO Fall,2026,START DATE,AGREES,10/26/2026,2026-10-26,"October 26-27, 2026",https://cdao-fall.coriniumintelligence.com/,ok
Cybersecurity,2026-cdao-fall-boston-speaking,CDAO Fall,2026,CONFERENCE DATES,FILLS,,2026-10-26 to 2026-10-27,"October 26-27, 2026",https://cdao-fall.coriniumintelligence.com/,ok
Cybersecurity,2026-cdao-fall-boston-speaking,CDAO Fall,2026,LOCATION,UNSUPPORTED,"Renaissance Boston Seaport District, Boston, Massachusetts, USA",city Boston,Renaissance Boston Seaport District,https://cdao-fall.coriniumintelligence.com/,only the city is proven (it agrees); the other part is not
Cybersecurity,2026-cdao-fall-boston-speaking,CDAO Fall,2026,SUBMISSION DEADLINE,NO_VALUE,,,,,the page states nothing for this field and edition
Cybersecurity,2026-ai-native-devcon-nyc-new-york-speaking,AI Native DevCon NYC 2026,2026,START DATE,AGREES,11/2/2026,2026-11-02,aiDevCon 2 — 4 November 2026,https://tessl.io/devcon,ok
Cybersecurity,2026-ai-native-devcon-nyc-new-york-speaking,AI Native DevCon NYC 2026,2026,CONFERENCE DATES,FILLS,,2026-11-02 to 2026-11-04,aiDevCon 2 — 4 November 2026,https://tessl.io/devcon,ok
Cybersecurity,2026-ai-native-devcon-nyc-new-york-speaking,AI Native DevCon NYC 2026,2026,LOCATION,UNSUPPORTED,"Industry City, Building 5, 268 36th Street, Brooklyn, New York, United States",city Brooklyn,Three days in Brooklyn for the people putting agents to work in real codebases.,https://tessl.io/devcon,only the city is proven (it agrees); the other part is not
Cybersecurity,2026-ai-native-devcon-nyc-new-york-speaking,AI Native DevCon NYC 2026,2026,SUBMISSION DEADLINE,FILLS,,2026-10-01,Rolling review. Closes 1st Oct 2026.,https://tessl.io/devcon,ok
Cybersecurity,2026-open-source-securitycon-north-america-salt-lake-city-speaking,Open Source SecurityCon North America,2026,START DATE,AGREES,11/9/2026,2026-11-09,"November 9, 2026 Salt Lake City, Utah",https://events.linuxfoundation.org/kubecon-cloudnativecon-north-america/co-located-events/open-source-securitycon/,ok
Cybersecurity,2026-open-source-securitycon-north-america-salt-lake-city-speaking,Open Source SecurityCon North America,2026,CONFERENCE DATES,NO_VALUE,,,,,"the page states nothing for this field and edition; first day proven, last day not proven"
Cybersecurity,2026-open-source-securitycon-north-america-salt-lake-city-speaking,Open Source SecurityCon North America,2026,LOCATION,AGREES,"Salt Lake City, UT, USA","city Salt Lake City, country United States","November 9, 2026 Salt Lake City, Utah || Salt Lake City, Utah",https://events.linuxfoundation.org/kubecon-cloudnativecon-north-america/co-located-events/open-source-securitycon/,ok
Cybersecurity,2026-open-source-securitycon-north-america-salt-lake-city-speaking,Open Source SecurityCon North America,2026,SUBMISSION DEADLINE,NO_VALUE,,,,,the page states nothing for this field and edition
Cybersecurity,2026-ai-world-congress-london-speaking,AI World Congress,2026,START DATE,AGREES,11/25/2026,2026-11-25,November 25-26,https://aiconference.london/,ok (year 2026 taken from the nearest earlier year on the page)
Cybersecurity,2026-ai-world-congress-london-speaking,AI World Congress,2026,CONFERENCE DATES,FILLS,,2026-11-25 to 2026-11-26,November 25-26,https://aiconference.london/,ok
Cybersecurity,2026-ai-world-congress-london-speaking,AI World Congress,2026,LOCATION,DIFFERS,"The Great Hall, Kensington Conference and Events Centre, Hornton St, Kensington, London W8","city London, country UK",London || UK,https://aiconference.london/,differs in country
Cybersecurity,2026-ai-world-congress-london-speaking,AI World Congress,2026,SUBMISSION DEADLINE,NO_VALUE,,,,,the page states nothing for this field and edition
Cybersecurity,2026-owasp-benelux-eindhoven-speaking,OWASP BeNeLux,2026,START DATE,AGREES,11/26/2026,2026-11-26,Conference Day 26/11/2026,https://2026.owaspbenelux.eu/,ok
Cybersecurity,2026-owasp-benelux-eindhoven-speaking,OWASP BeNeLux,2026,CONFERENCE DATES,FILLS,,2026-11-26 to 2026-11-26,Conference Day 26/11/2026,https://2026.owaspbenelux.eu/,ok
Cybersecurity,2026-owasp-benelux-eindhoven-speaking,OWASP BeNeLux,2026,LOCATION,AGREES,"Utrecht, The Netherlands","city Utrecht, country The Netherlands","Location Utrecht, The Netherlands",https://2026.owaspbenelux.eu/,ok
Cybersecurity,2026-owasp-benelux-eindhoven-speaking,OWASP BeNeLux,2026,SUBMISSION DEADLINE,NO_VALUE,,,,,the page states nothing for this field and edition
Cybersecurity,2026-aws-reinvent-las-vegas-speaking,AWS re: Invent,2026,START DATE,UNSUPPORTED,11/30/2026,,,,"the quote does not state that day, month and year"
Cybersecurity,2026-aws-reinvent-las-vegas-speaking,AWS re: Invent,2026,CONFERENCE DATES,NO_VALUE,,,,,"the quote does not state that day, month and year"
Cybersecurity,2026-aws-reinvent-las-vegas-speaking,AWS re: Invent,2026,LOCATION,DIFFERS,"Las Vegas, NV","city Las Vegas, country United States","Join us Nov. 30 – Dec. 4 in Las Vegas for cloud and AI's biggest week. || Nov. 30 – Dec. 4 | Las Vegas, NV",https://aws.amazon.com/events/reinvent/,differs in country
Cybersecurity,2026-aws-reinvent-las-vegas-speaking,AWS re: Invent,2026,SUBMISSION DEADLINE,NO_VALUE,,,,,the page states nothing for this field and edition
Cybersecurity,2026-cyber-security-summit-jacksonville-jacksonville-speaking,Cyber Security Summit Jacksonville,2026,START DATE,AGREES,12/2/2026,2026-12-02,"Wednesday, December 2, 2026",https://cyberriskalliance.swoogo.com/jacksonville-dec-2026,ok
Cybersecurity,2026-cyber-security-summit-jacksonville-jacksonville-speaking,Cyber Security Summit Jacksonville,2026,CONFERENCE DATES,FILLS,,2026-12-02 to 2026-12-02,"Wednesday, December 2, 2026 || Wednesday, December 2, 2026 8:00 AM - 6:00 PM EST",https://cyberriskalliance.swoogo.com/jacksonville-dec-2026,ok
Cybersecurity,2026-cyber-security-summit-jacksonville-jacksonville-speaking,Cyber Security Summit Jacksonville,2026,LOCATION,DIFFERS,"Sawgrass Marriott Golf Resort & Spa, 1000 Tournament Players Club Blvd, Ponte Vedra Beach,","city Ponte Vedra Beach, country United States","Ponte Vedra Beach, FL 32082",https://cyberriskalliance.swoogo.com/jacksonville-dec-2026,differs in country
Cybersecurity,2026-cyber-security-summit-jacksonville-jacksonville-speaking,Cyber Security Summit Jacksonville,2026,SUBMISSION DEADLINE,NO_VALUE,,,,,the page states nothing for this field and edition
Cybersecurity,2026-black-hat-europe-london-speaking,Black Hat Europe,2026,START DATE,AGREES,12/7/2026,2026-12-07,"Black Hat Europe returns to the Excel in London with a four-day program, 7-10 December 2026.",https://blackhat.com/europe/,ok
Cybersecurity,2026-black-hat-europe-london-speaking,Black Hat Europe,2026,CONFERENCE DATES,FILLS,,2026-12-07 to 2026-12-10,"Black Hat Europe returns to the Excel in London with a four-day program, 7-10 December 2026.",https://blackhat.com/europe/,ok
Cybersecurity,2026-black-hat-europe-london-speaking,Black Hat Europe,2026,LOCATION,UNSUPPORTED,"ExCel London, United Kingdom",city London,LONDON,https://blackhat.com/europe/,only the city is proven (it agrees); the other part is not
Cybersecurity,2026-black-hat-europe-london-speaking,Black Hat Europe,2026,SUBMISSION DEADLINE,NO_VALUE,,,,,the page states nothing for this field and edition
Cybersecurity,2026-gitex-global-dubai-speaking,GITEX Global,2026,START DATE,AGREES,12/7/2026,2026-12-07,GITEX GLOBAL | 7-11 DEC 2026 | DUBAI,https://www.gitex.com/,ok
Cybersecurity,2026-gitex-global-dubai-speaking,GITEX Global,2026,CONFERENCE DATES,FILLS,,2026-12-07 to 2026-12-11,GITEX GLOBAL | 7-11 DEC 2026 | DUBAI,https://www.gitex.com/,ok
Cybersecurity,2026-gitex-global-dubai-speaking,GITEX Global,2026,LOCATION,UNSUPPORTED,"Expo City Dubai, Dubai, UAE",city Dubai,DUBAI,https://www.gitex.com/,only the city is proven (it agrees); the other part is not
Cybersecurity,2026-gitex-global-dubai-speaking,GITEX Global,2026,SUBMISSION DEADLINE,NO_VALUE,,,,,the page states nothing for this field and edition
Cybersecurity,2026-ai-summit-new-york-new-york-speaking,AI Summit New York,2026,START DATE,AGREES,12/9/2026,2026-12-09,"December 9-10, 2026 | Javits Center, New York",https://newyork.theaisummit.com/,ok
Cybersecurity,2026-ai-summit-new-york-new-york-speaking,AI Summit New York,2026,CONFERENCE DATES,FILLS,,2026-12-09 to 2026-12-10,"December 9-10, 2026 | Javits Center, New York",https://newyork.theaisummit.com/,ok
Cybersecurity,2026-ai-summit-new-york-new-york-speaking,AI Summit New York,2026,LOCATION,UNSUPPORTED,"Javits Center, New York, NY 10001",city New York,"Javits Center, New York",https://newyork.theaisummit.com/,only the city is proven (it agrees); the other part is not
Cybersecurity,2026-ai-summit-new-york-new-york-speaking,AI Summit New York,2026,SUBMISSION DEADLINE,NO_VALUE,,,,,the page states nothing for this field and edition
Cybersecurity,2027-ai-big-data-expo-global-london-speaking,AI & Big Data Expo Global,2027,START DATE,AGREES,2/3/2027,2027-02-03,3-4 FEBRUARY 2027,https://www.ai-expo.net/global/,ok
Cybersecurity,2027-ai-big-data-expo-global-london-speaking,AI & Big Data Expo Global,2027,CONFERENCE DATES,FILLS,,2027-02-03 to 2027-02-04,3-4 FEBRUARY 2027,https://www.ai-expo.net/global/,ok
Cybersecurity,2027-ai-big-data-expo-global-london-speaking,AI & Big Data Expo Global,2027,LOCATION,AGREES,"Olympia London, London, UK","city London, country UK",OLYMPIA LONDON || The Leading UK Event for Enterprise AI and Big Data,https://www.ai-expo.net/global/,ok
Cybersecurity,2027-ai-big-data-expo-global-london-speaking,AI & Big Data Expo Global,2027,SUBMISSION DEADLINE,NO_VALUE,,,,,the page states nothing for this field and edition
Cybersecurity,2027-official-cybersecurity-summit-atlanta-speaking,The Official Cybersecurity Summit,2027,START DATE,AGREES,2/4/2027,2027-02-04,"February 4, 2027 | 8:00AM - 6:00PM",https://cybersecuritysummit.com/summit/atlanta-3/,ok
Cybersecurity,2027-official-cybersecurity-summit-atlanta-speaking,The Official Cybersecurity Summit,2027,CONFERENCE DATES,FILLS,,2027-02-04 to 2027-02-04,"February 4, 2027 | 8:00AM - 6:00PM",https://cybersecuritysummit.com/summit/atlanta-3/,ok
Cybersecurity,2027-official-cybersecurity-summit-atlanta-speaking,The Official Cybersecurity Summit,2027,LOCATION,DIFFERS,To Be Announced,city Atlanta,Atlanta 2027 Grand Hyatt Atlanta in Buckhead,https://cybersecuritysummit.com/summit/atlanta-3/,differs in city
Cybersecurity,2027-official-cybersecurity-summit-atlanta-speaking,The Official Cybersecurity Summit,2027,SUBMISSION DEADLINE,NO_VALUE,,,,,the page states nothing for this field and edition
Cybersecurity,2027-ai-dev-world-developerweek-san-francisco-speaking,AI Dev World DeveloperWeek,2027,START DATE,AGREES,2/9/2027,2027-02-09,"Feb 9-11, 2027 Santa Clara, CA",https://www.developerweek.com/ai-devworld/,ok
Cybersecurity,2027-ai-dev-world-developerweek-san-francisco-speaking,AI Dev World DeveloperWeek,2027,CONFERENCE DATES,FILLS,,2027-02-09 to 2027-02-11,"Feb 9-11, 2027 Santa Clara, CA",https://www.developerweek.com/ai-devworld/,ok
Cybersecurity,2027-ai-dev-world-developerweek-san-francisco-speaking,AI Dev World DeveloperWeek,2027,LOCATION,DIFFERS,"Santa Clara Convention Center, Santa Clara, CA","city Santa Clara, country United States","Santa Clara, CA || Feb 9-11, 2027 Santa Clara, CA",https://www.developerweek.com/ai-devworld/,differs in country
Cybersecurity,2027-ai-dev-world-developerweek-san-francisco-speaking,AI Dev World DeveloperWeek,2027,SUBMISSION DEADLINE,NO_VALUE,,,,,the page states nothing for this field and edition
Cybersecurity,2027-appsec-devsecops-sydney-speaking,AppSec & DevSecOps (Corinium),2027,START DATE,AGREES,2/10/2027,2027-02-10,JOIN US 10 February 2027 AppSec & DevSecOps Sydney,https://appsec-devsecops-syd.coriniumintelligence.com/,ok
Cybersecurity,2027-appsec-devsecops-sydney-speaking,AppSec & DevSecOps (Corinium),2027,CONFERENCE DATES,FILLS,,2027-02-10 to 2027-02-10,JOIN US 10 February 2027 AppSec & DevSecOps Sydney,https://appsec-devsecops-syd.coriniumintelligence.com/,ok
Cybersecurity,2027-appsec-devsecops-sydney-speaking,AppSec & DevSecOps (Corinium),2027,LOCATION,UNSUPPORTED,"Sydney, Australia",city Sydney,AppSec & DevSecOps Sydney,https://appsec-devsecops-syd.coriniumintelligence.com/,only the city is proven (it agrees); the other part is not
Cybersecurity,2027-appsec-devsecops-sydney-speaking,AppSec & DevSecOps (Corinium),2027,SUBMISSION DEADLINE,NO_VALUE,,,,,the page states nothing for this field and edition
Cybersecurity,2027-zero-trust-world-ztw-orlando-speaking,Zero Trust World (ZTW by Threatlocker),2027,START DATE,AGREES,2/17/2027,2027-02-17,"February 17-19, 2027",https://ztw.com/,ok
Cybersecurity,2027-zero-trust-world-ztw-orlando-speaking,Zero Trust World (ZTW by Threatlocker),2027,CONFERENCE DATES,FILLS,,2027-02-17 to 2027-02-19,"February 17-19, 2027",https://ztw.com/,ok
Cybersecurity,2027-zero-trust-world-ztw-orlando-speaking,Zero Trust World (ZTW by Threatlocker),2027,LOCATION,DIFFERS,"Loews Meeting Complex at Universal Orlando, Orlando, FL","city Orlando, country United States","Orlando, FL || February 17-19, 2027 Orlando, FL",https://ztw.com/,differs in country
Cybersecurity,2027-zero-trust-world-ztw-orlando-speaking,Zero Trust World (ZTW by Threatlocker),2027,SUBMISSION DEADLINE,NO_VALUE,,,,,the page states nothing for this field and edition
Cybersecurity,2027-humanx-las-vegas-speaking,HumanX,2027,START DATE,AGREES,3/7/2027,2027-03-07,"Las Vegas | March 7-10, 2027",https://www.humanx.co/us,ok
Cybersecurity,2027-humanx-las-vegas-speaking,HumanX,2027,CONFERENCE DATES,FILLS,,2027-03-07 to 2027-03-10,"Las Vegas | March 7-10, 2027",https://www.humanx.co/us,ok
Cybersecurity,2027-humanx-las-vegas-speaking,HumanX,2027,LOCATION,UNSUPPORTED,"Mandalay Bay, Las Vegas, NV",city Las Vegas,"Las Vegas | March 7-10, 2027",https://www.humanx.co/us,only the city is proven (it agrees); the other part is not
Cybersecurity,2027-humanx-las-vegas-speaking,HumanX,2027,SUBMISSION DEADLINE,NO_VALUE,,,,,the page states nothing for this field and edition
Cybersecurity,2027-appworld-incyber-forum-lille-speaking,AppWorld InCyber Forum,2027,START DATE,AGREES,3/9/2027,2027-03-09,"MARCH 9-11, 2027 LILLE, FRANCE",https://europe.forum-incyber.com/en/home-en/,ok
Cybersecurity,2027-appworld-incyber-forum-lille-speaking,AppWorld InCyber Forum,2027,CONFERENCE DATES,FILLS,,2027-03-09 to 2027-03-11,"MARCH 9-11, 2027 LILLE, FRANCE",https://europe.forum-incyber.com/en/home-en/,ok
Cybersecurity,2027-appworld-incyber-forum-lille-speaking,AppWorld InCyber Forum,2027,LOCATION,AGREES,"Lille Grand Palais, Lille, France","city Lille, country France","LILLE, FRANCE",https://europe.forum-incyber.com/en/home-en/,ok
Cybersecurity,2027-appworld-incyber-forum-lille-speaking,AppWorld InCyber Forum,2027,SUBMISSION DEADLINE,NO_VALUE,,,,,the page states nothing for this field and edition
Cybersecurity,2027-appworld-cybersecurity-conference-las-vegas-speaking,AppWorld Cybersecurity Conference,2027,START DATE,AGREES,3/16/2027,2027-03-16,"Save the date! March 16–18, 2027 at Fontainebleau Las Vegas",https://www.f5.com/appworld,ok
Cybersecurity,2027-appworld-cybersecurity-conference-las-vegas-speaking,AppWorld Cybersecurity Conference,2027,CONFERENCE DATES,FILLS,,2027-03-16 to 2027-03-18,"Save the date! March 16–18, 2027 at Fontainebleau Las Vegas",https://www.f5.com/appworld,ok
Cybersecurity,2027-appworld-cybersecurity-conference-las-vegas-speaking,AppWorld Cybersecurity Conference,2027,LOCATION,UNSUPPORTED,Fontainebleau Las Vegas,city Las Vegas,"Save the date! March 16–18, 2027 at Fontainebleau Las Vegas",https://www.f5.com/appworld,only the city is proven (it agrees); the other part is not
Cybersecurity,2027-appworld-cybersecurity-conference-las-vegas-speaking,AppWorld Cybersecurity Conference,2027,SUBMISSION DEADLINE,NO_VALUE,,,,,the page states nothing for this field and edition
Cybersecurity,2027-qcon-london-speaking,QCon London,2027,START DATE,AGREES,4/13/2027,2027-04-13,"Conference: April 13-15, 2027",https://qconlondon.com/,ok
Cybersecurity,2027-qcon-london-speaking,QCon London,2027,CONFERENCE DATES,FILLS,,2027-04-13 to 2027-04-15,"Conference: April 13-15, 2027",https://qconlondon.com/,ok
Cybersecurity,2027-qcon-london-speaking,QCon London,2027,LOCATION,UNSUPPORTED,"The Queen Elizabeth II Conference Centre, Broad Sanctuary, Westminster, London SW1P 3EE",city London,"The QEII Centre, London",https://qconlondon.com/,only the city is proven (it agrees); the other part is not
Cybersecurity,2027-qcon-london-speaking,QCon London,2027,SUBMISSION DEADLINE,NO_VALUE,,,,,the page states nothing for this field and edition
Cybersecurity,2027-aistats-conference-ai-statistics-valencia-speaking,AISTATS Conference on AI and Statistics,2027,START DATE,AGREES,5/3/2027,2027-05-03,"May 3rd - 6th, 2027",https://virtual.aistats.org/,ok
Cybersecurity,2027-aistats-conference-ai-statistics-valencia-speaking,AISTATS Conference on AI and Statistics,2027,CONFERENCE DATES,FILLS,,2027-05-03 to 2027-05-06,"May 3rd - 6th, 2027",https://virtual.aistats.org/,ok
Cybersecurity,2027-aistats-conference-ai-statistics-valencia-speaking,AISTATS Conference on AI and Statistics,2027,LOCATION,AGREES,"Montreal, Canada","city Montreal, country Canada","Montreal, Canada",https://virtual.aistats.org/,ok
Cybersecurity,2027-aistats-conference-ai-statistics-valencia-speaking,AISTATS Conference on AI and Statistics,2027,SUBMISSION DEADLINE,FILLS,,2026-09-29,Abstract Submission Deadline Sep 29 '26 (Anywhere on Earth),https://virtual.aistats.org/,ok
Cybersecurity,2027-impact-days-vienna-speaking,Impact Hub Vienna,2027,START DATE,UNSUPPORTED,5/10/2027,,,,the page states nothing for this field and edition
Cybersecurity,2027-impact-days-vienna-speaking,Impact Hub Vienna,2027,CONFERENCE DATES,NO_VALUE,,,,,"the page states nothing for this field and edition; first day not proven, last day proven"
Cybersecurity,2027-impact-days-vienna-speaking,Impact Hub Vienna,2027,LOCATION,UNSUPPORTED,"Vienna, Austria",city Vienna,"ViennaUP brings together founders, investors, and changemakers for a week of powerful exchange in Vienna from May 10 to May 14, 2027.",https://impactdays.at/,only the city is proven (it agrees); the other part is not
Cybersecurity,2027-impact-days-vienna-speaking,Impact Hub Vienna,2027,SUBMISSION DEADLINE,NO_VALUE,,,,,the page states nothing for this field and edition
Cybersecurity,2027-emtech-ai-cambridge-speaking,EmTech AI,2027,START DATE,AGREES,5/11/2027,2027-05-11,"Tuesday, May 11, 2027",https://event.technologyreview.com/emtech-ai-2027/,ok
Cybersecurity,2027-emtech-ai-cambridge-speaking,EmTech AI,2027,CONFERENCE DATES,FILLS,,2027-05-11 to 2027-05-13,"Tuesday, May 11, 2027 || Thursday, May 13, 2027",https://event.technologyreview.com/emtech-ai-2027/,ok
Cybersecurity,2027-emtech-ai-cambridge-speaking,EmTech AI,2027,LOCATION,DIFFERS,"MIT Media Lab, Cambridge, MA","city Cambridge, country United States","Cambridge, MA || EmTech AI 2027 in Cambridge, MA",https://event.technologyreview.com/emtech-ai-2027/,differs in country
Cybersecurity,2027-emtech-ai-cambridge-speaking,EmTech AI,2027,SUBMISSION DEADLINE,NO_VALUE,,,,,the page states nothing for this field and edition
Cybersecurity,2027-secure-360-conference-prior-lake-speaking,Secure 360 Conference,2027,START DATE,AGREES,5/12/2027,2027-05-12,"May 12, 2027 - May 13, 2027",https://www.secure360.org/,ok
Cybersecurity,2027-secure-360-conference-prior-lake-speaking,Secure 360 Conference,2027,CONFERENCE DATES,FILLS,,2027-05-12 to 2027-05-13,"May 12, 2027 - May 13, 2027",https://www.secure360.org/,ok
Cybersecurity,2027-secure-360-conference-prior-lake-speaking,Secure 360 Conference,2027,LOCATION,DIFFERS,"Mystic Lake Center, Prior Lake, MN","city Prior Lake, country United States","Mystic Lake Center in Prior Lake, MN",https://www.secure360.org/,differs in country
Cybersecurity,2027-secure-360-conference-prior-lake-speaking,Secure 360 Conference,2027,SUBMISSION DEADLINE,NO_VALUE,,,,,the page states nothing for this field and edition
Cybersecurity,2027-open-source-summit-north-america-denver-speaking,Open Source Summit North America,2027,START DATE,AGREES,5/17/2027,2027-05-17,"May 17-19, 2027",https://events.linuxfoundation.org/open-source-summit-north-america/,ok
Cybersecurity,2027-open-source-summit-north-america-denver-speaking,Open Source Summit North America,2027,CONFERENCE DATES,FILLS,,2027-05-17 to 2027-05-19,"May 17-19, 2027",https://events.linuxfoundation.org/open-source-summit-north-america/,ok
Cybersecurity,2027-open-source-summit-north-america-denver-speaking,Open Source Summit North America,2027,LOCATION,UNSUPPORTED,"Vancouver, BC, Canada",city Vancouver,Vancouver,https://events.linuxfoundation.org/open-source-summit-north-america/,only the city is proven (it agrees); the other part is not
Cybersecurity,2027-open-source-summit-north-america-denver-speaking,Open Source Summit North America,2027,SUBMISSION DEADLINE,NO_VALUE,,,,,the page states nothing for this field and edition
Cybersecurity,2027-sans-ics-security-summit-orlando-speaking,SANS ICS Security Summit & Training,2027,START DATE,UNSUPPORTED,6/7/2027,,,,the page states nothing for this field and edition
Cybersecurity,2027-sans-ics-security-summit-orlando-speaking,SANS ICS Security Summit & Training,2027,CONFERENCE DATES,NO_VALUE,,,,,the page states nothing for this field and edition
Cybersecurity,2027-sans-ics-security-summit-orlando-speaking,SANS ICS Security Summit & Training,2027,LOCATION,UNSUPPORTED,"Disney?s Contemporary Resort & Virtual (ET), 4600 North World Drive, Lake Buena Vista, FL",,,,the page states nothing for this field and edition
Cybersecurity,2027-sans-ics-security-summit-orlando-speaking,SANS ICS Security Summit & Training,2027,SUBMISSION DEADLINE,NO_VALUE,,,,,the page states nothing for this field and edition
Cybersecurity,2027-ai-summit-london-speaking,The AI Summit London,2027,START DATE,AGREES,6/9/2027,2027-06-09,"9-10 June 2027 | Tobacco Dock, London",https://london.theaisummit.com/,ok
Cybersecurity,2027-ai-summit-london-speaking,The AI Summit London,2027,CONFERENCE DATES,FILLS,,2027-06-09 to 2027-06-10,"9-10 June 2027 | Tobacco Dock, London",https://london.theaisummit.com/,ok
Cybersecurity,2027-ai-summit-london-speaking,The AI Summit London,2027,LOCATION,UNSUPPORTED,"Tobacco Dock, Tobacco Quay, Wapping Lane, London E1W 2SF, UK",city London,"9-10 June 2027 | Tobacco Dock, London",https://london.theaisummit.com/,only the city is proven (it agrees); the other part is not
Cybersecurity,2027-ai-summit-london-speaking,The AI Summit London,2027,SUBMISSION DEADLINE,NO_VALUE,,,,,the page states nothing for this field and edition
Cybersecurity,2027-cyber-security-congress-north-america-santa-clara-speaking,Cyber Security Congress North America / TechEx,2027,START DATE,UNSUPPORTED,6/16/2027,,,,the page states nothing for this field and edition
Cybersecurity,2027-cyber-security-congress-north-america-santa-clara-speaking,Cyber Security Congress North America / TechEx,2027,CONFERENCE DATES,NO_VALUE,,,,,the page states nothing for this field and edition
Cybersecurity,2027-cyber-security-congress-north-america-santa-clara-speaking,Cyber Security Congress North America / TechEx,2027,LOCATION,UNSUPPORTED,"San Jose McEnery Convention Center, 150 W San Carlos St, San Jose, CA 95113, United States",,,,the page states nothing for this field and edition
Cybersecurity,2027-cyber-security-congress-north-america-santa-clara-speaking,Cyber Security Congress North America / TechEx,2027,SUBMISSION DEADLINE,NO_VALUE,,,,,the page states nothing for this field and edition
Cybersecurity,2027-ai-big-data-expo-north-america-santa-clara-speaking,AI & Big Data Expo North America,2027,START DATE,AGREES,6/16/2027,2027-06-16,"June 16-17, 2027",https://www.ai-expo.net/northamerica/,ok
Cybersecurity,2027-ai-big-data-expo-north-america-santa-clara-speaking,AI & Big Data Expo North America,2027,CONFERENCE DATES,FILLS,,2027-06-16 to 2027-06-17,"June 16-17, 2027",https://www.ai-expo.net/northamerica/,ok
Cybersecurity,2027-ai-big-data-expo-north-america-santa-clara-speaking,AI & Big Data Expo North America,2027,LOCATION,AGREES,"San Jose McEnery Convention Center, 150 W San Carlos St, San Jose, California 95113, USA","city San Jose, country United States","San Jose || San Jose McEnery Convention Center, CA",https://www.ai-expo.net/northamerica/,ok
Cybersecurity,2027-ai-big-data-expo-north-america-santa-clara-speaking,AI & Big Data Expo North America,2027,SUBMISSION DEADLINE,NO_VALUE,,,,,the page states nothing for this field and edition
Cybersecurity,2027-ai-for-good-global-summit-geneva-speaking,AI For Good Global Summit,2027,START DATE,AGREES,6/21/2027,2027-06-21,21–24 June 2027,https://aiforgood.itu.int/summit27/,ok
Cybersecurity,2027-ai-for-good-global-summit-geneva-speaking,AI For Good Global Summit,2027,CONFERENCE DATES,FILLS,,2027-06-21 to 2027-06-24,21–24 June 2027,https://aiforgood.itu.int/summit27/,ok
Cybersecurity,2027-ai-for-good-global-summit-geneva-speaking,AI For Good Global Summit,2027,LOCATION,UNSUPPORTED,"Palexpo, Route Fran?ois-Peyrot 30, CH-1218 Le Grand-Saconnex, Geneva, Switzerland",city Geneva,"Palexpo, Geneva",https://aiforgood.itu.int/summit27/,only the city is proven (it agrees); the other part is not
Cybersecurity,2027-ai-for-good-global-summit-geneva-speaking,AI For Good Global Summit,2027,SUBMISSION DEADLINE,NO_VALUE,,,,,the page states nothing for this field and edition
Cybersecurity,2027-data-ai-summit-san-francisco-speaking,Data + AI Summit,2027,START DATE,AGREES,6/21/2027,2027-06-21,"June 21–24, 2027 / San Francisco + Virtual",https://www.databricks.com/dataaisummit,ok
Cybersecurity,2027-data-ai-summit-san-francisco-speaking,Data + AI Summit,2027,CONFERENCE DATES,FILLS,,2027-06-21 to 2027-06-24,"June 21–24, 2027 / San Francisco + Virtual",https://www.databricks.com/dataaisummit,ok
Cybersecurity,2027-data-ai-summit-san-francisco-speaking,Data + AI Summit,2027,LOCATION,DIFFERS,San Francisco + Virtual,"city San Francisco, country United States","The conference will take place at Moscone North, West and South (the address is 747 Howard Street, San Francisco, CA 94103).",https://www.databricks.com/dataaisummit,differs in country
Cybersecurity,2027-data-ai-summit-san-francisco-speaking,Data + AI Summit,2027,SUBMISSION DEADLINE,NO_VALUE,,,,,the page states nothing for this field and edition
Cybersecurity,2027-ecml-pkdd-wuerzburg-speaking,ECML PKDD European Conference on Machine Learning and Principles and Practice of Knowledge Discovery in Databases,2027,START DATE,AGREES,8/30/2027,2027-08-30,30 August to 3 September 2027,https://ecmlpkdd.org/2027/,ok
Cybersecurity,2027-ecml-pkdd-wuerzburg-speaking,ECML PKDD European Conference on Machine Learning and Principles and Practice of Knowledge Discovery in Databases,2027,CONFERENCE DATES,FILLS,,2027-08-30 to 2027-09-03,30 August to 3 September 2027,https://ecmlpkdd.org/2027/,ok
Cybersecurity,2027-ecml-pkdd-wuerzburg-speaking,ECML PKDD European Conference on Machine Learning and Principles and Practice of Knowledge Discovery in Databases,2027,LOCATION,AGREES,"Eindhoven, the Netherlands","city Eindhoven, country The Netherlands","EINDHOVEN, THE NETHERLANDS",https://ecmlpkdd.org/2027/,ok
Cybersecurity,2027-ecml-pkdd-wuerzburg-speaking,ECML PKDD European Conference on Machine Learning and Principles and Practice of Knowledge Discovery in Databases,2027,SUBMISSION DEADLINE,NO_VALUE,,,,,the page states nothing for this field and edition
Cybersecurity,2027-ai-infra-summit-san-jose-speaking,AI Infra Summit,2027,START DATE,AGREES,8/31/2027,2027-08-31,"Aug 31 - Sept 2, 2027",https://www.ai-infra-summit.com/,ok
Cybersecurity,2027-ai-infra-summit-san-jose-speaking,AI Infra Summit,2027,CONFERENCE DATES,FILLS,,2027-08-31 to 2027-09-02,"Aug 31 - Sept 2, 2027",https://www.ai-infra-summit.com/,ok
Cybersecurity,2027-ai-infra-summit-san-jose-speaking,AI Infra Summit,2027,LOCATION,UNSUPPORTED,San Jose McEnery Convention Center,city San Jose,San Jose McEnery Convention Center,https://www.ai-infra-summit.com/,only the city is proven (it agrees); the other part is not
Cybersecurity,2027-ai-infra-summit-san-jose-speaking,AI Infra Summit,2027,SUBMISSION DEADLINE,NO_VALUE,,,,,the page states nothing for this field and edition
Cybersecurity,2027-appsec-devsecops-singapore-speaking,AppSec & DevSecOps (Corinium) Singapore,2027,START DATE,AGREES,9/1/2027,2027-09-01,1 September 2027,https://appsec-devsecops-sg.coriniumintelligence.com/,ok
Cybersecurity,2027-appsec-devsecops-singapore-speaking,AppSec & DevSecOps (Corinium) Singapore,2027,CONFERENCE DATES,NO_VALUE,,,,,"the page states nothing for this field and edition; first day proven, last day not proven"
Cybersecurity,2027-appsec-devsecops-singapore-speaking,AppSec & DevSecOps (Corinium) Singapore,2027,LOCATION,AGREES,Singapore,"city Singapore, country Singapore",AppSec & DevSecOps Singapore,https://appsec-devsecops-sg.coriniumintelligence.com/,ok
Cybersecurity,2027-appsec-devsecops-singapore-speaking,AppSec & DevSecOps (Corinium) Singapore,2027,SUBMISSION DEADLINE,NO_VALUE,,,,,the page states nothing for this field and edition
Cybersecurity,2027-kubecon-cloudnativecon-north-america-chicago-speaking,KubeCon + CloudNativeCon North America,2027,START DATE,UNSUPPORTED,11/8/2027,,,,"the quote does not state that day, month and year"
Cybersecurity,2027-kubecon-cloudnativecon-north-america-chicago-speaking,KubeCon + CloudNativeCon North America,2027,CONFERENCE DATES,NO_VALUE,,,,,"the quote does not state that day, month and year"
Cybersecurity,2027-kubecon-cloudnativecon-north-america-chicago-speaking,KubeCon + CloudNativeCon North America,2027,LOCATION,AGREES,"New Orleans, LA, USA","city New Orleans, country United States","Save the DAte November 8-11 New Orleans, Louisiana",https://events.linuxfoundation.org/kubecon-cloudnativecon-north-america-2027/,ok
Cybersecurity,2027-kubecon-cloudnativecon-north-america-chicago-speaking,KubeCon + CloudNativeCon North America,2027,SUBMISSION DEADLINE,NO_VALUE,,,,,the page states nothing for this field and edition
Cybersecurity,2027-tmls-toronto-machine-learning-summit-toronto-speaking,TMLS Toronto Machine Learning Summit,2027,START DATE,UNSUPPORTED,6/16/2027,,,,the page states nothing for this field and edition; the page text never mentions 2027 (it shows 2026)
Cybersecurity,2027-tmls-toronto-machine-learning-summit-toronto-speaking,TMLS Toronto Machine Learning Summit,2027,CONFERENCE DATES,NO_VALUE,,,,,the page states nothing for this field and edition; the page text never mentions 2027 (it shows 2026)
Cybersecurity,2027-tmls-toronto-machine-learning-summit-toronto-speaking,TMLS Toronto Machine Learning Summit,2027,LOCATION,UNSUPPORTED,"Toronto, Canada",,,,the page states nothing for this field and edition; the page text never mentions 2027 (it shows 2026)
Cybersecurity,2027-tmls-toronto-machine-learning-summit-toronto-speaking,TMLS Toronto Machine Learning Summit,2027,SUBMISSION DEADLINE,NO_VALUE,,,,,the page states nothing for this field and edition; the page text never mentions 2027 (it shows 2026)
Cybersecurity,2027-upfront-summit-los-angeles-speaking,Upfront Summit,,START DATE,NO_VALUE,,,,,the page states nothing for this field and edition
Cybersecurity,2027-upfront-summit-los-angeles-speaking,Upfront Summit,,CONFERENCE DATES,NO_VALUE,,,,,the page states nothing for this field and edition
Cybersecurity,2027-upfront-summit-los-angeles-speaking,Upfront Summit,,LOCATION,UNSUPPORTED,"Los Angeles, CA",,,,the page states nothing for this field and edition
Cybersecurity,2027-upfront-summit-los-angeles-speaking,Upfront Summit,,SUBMISSION DEADLINE,NO_VALUE,,,,,the page states nothing for this field and edition
Cybersecurity,2027-chief-ai-officer-summit-uk-london-speaking,Chief AI Officer Summit UK,2027,START DATE,UNSUPPORTED,2/23/2027,,,,the page states nothing for this field and edition; the page text never mentions 2027
Cybersecurity,2027-chief-ai-officer-summit-uk-london-speaking,Chief AI Officer Summit UK,2027,CONFERENCE DATES,NO_VALUE,,,,,the page states nothing for this field and edition; the page text never mentions 2027
Cybersecurity,2027-chief-ai-officer-summit-uk-london-speaking,Chief AI Officer Summit UK,2027,LOCATION,UNSUPPORTED,"The Minster Building, London, UK",,,,the page states nothing for this field and edition; the page text never mentions 2027
Cybersecurity,2027-chief-ai-officer-summit-uk-london-speaking,Chief AI Officer Summit UK,2027,SUBMISSION DEADLINE,NO_VALUE,,,,,the page states nothing for this field and edition; the page text never mentions 2027
Cybersecurity,2027-enterprise-ai-singapore-speaking,Enterprise AI Singapore (Corinium),2027,START DATE,UNSUPPORTED,4/14/2027,,,,the page states nothing for this field and edition
Cybersecurity,2027-enterprise-ai-singapore-speaking,Enterprise AI Singapore (Corinium),2027,CONFERENCE DATES,NO_VALUE,,,,,the page states nothing for this field and edition
Cybersecurity,2027-enterprise-ai-singapore-speaking,Enterprise AI Singapore (Corinium),2027,LOCATION,AGREES,"Resorts World Sentosa, Equarius Hotel, 8 Sentosa Gateway, Sentosa Island, Singapore 098269","city Singapore, country Singapore",Enterprise AI Singapore,https://enterpriseai-sg.coriniumintelligence.com/,ok
Cybersecurity,2027-enterprise-ai-singapore-speaking,Enterprise AI Singapore (Corinium),2027,SUBMISSION DEADLINE,NO_VALUE,,,,,the page states nothing for this field and edition
Cybersecurity,2027-planet-cyber-sec-conference-san-jose-speaking,Planet Cyber Sec Conference,2027,START DATE,DIFFERS,2/1/2027,2027-03-03,"March 3, 2027 Planet Cyber Sec AI - Conference Orange County, CA",https://planetcybersec.com/,ok
Cybersecurity,2027-planet-cyber-sec-conference-san-jose-speaking,Planet Cyber Sec Conference,2027,CONFERENCE DATES,NO_VALUE,,,,,"the page states nothing for this field and edition; first day proven, last day not proven"
Cybersecurity,2027-planet-cyber-sec-conference-san-jose-speaking,Planet Cyber Sec Conference,2027,LOCATION,DIFFERS,"Orange County, CA",country United States,"March 3, 2027 Planet Cyber Sec AI - Conference Orange County, CA",https://planetcybersec.com/,differs in country
Cybersecurity,2027-planet-cyber-sec-conference-san-jose-speaking,Planet Cyber Sec Conference,2027,SUBMISSION DEADLINE,NO_VALUE,,,,,the page states nothing for this field and edition
Cybersecurity,2027-google-cloud-next-las-vegas-speaking,Google Cloud Next Las Vegas 2027,2027,START DATE,AGREES,4/13/2027,2027-04-13,"April 13-15, 2027",https://cloud.google.com/next,ok
Cybersecurity,2027-google-cloud-next-las-vegas-speaking,Google Cloud Next Las Vegas 2027,2027,CONFERENCE DATES,FILLS,,2027-04-13 to 2027-04-15,"April 13-15, 2027",https://cloud.google.com/next,ok
Cybersecurity,2027-google-cloud-next-las-vegas-speaking,Google Cloud Next Las Vegas 2027,2027,LOCATION,UNSUPPORTED,"Las Vegas, NV, USA",city Las Vegas,"Mandalay Bay Convention Center, Las Vegas",https://cloud.google.com/next,only the city is proven (it agrees); the other part is not
Cybersecurity,2027-google-cloud-next-las-vegas-speaking,Google Cloud Next Las Vegas 2027,2027,SUBMISSION DEADLINE,NO_VALUE,,,,,the page states nothing for this field and edition
Cybersecurity,2027-cdao-defense-security-washington-speaking,CDAO Defense & Security 2027,2027,START DATE,AGREES,9/22/2027,2027-09-22,"JOIN US September 22-23, 2027 | Washington, D.C.",https://cdao-def.coriniumintelligence.com/,ok
Cybersecurity,2027-cdao-defense-security-washington-speaking,CDAO Defense & Security 2027,2027,CONFERENCE DATES,FILLS,,2027-09-22 to 2027-09-23,"JOIN US September 22-23, 2027 | Washington, D.C.",https://cdao-def.coriniumintelligence.com/,ok
Cybersecurity,2027-cdao-defense-security-washington-speaking,CDAO Defense & Security 2027,2027,LOCATION,DIFFERS,"Washington, DC, USA","city Washington, D.C.","JOIN US September 22-23, 2027 | Washington, D.C.",https://cdao-def.coriniumintelligence.com/,differs in city
Cybersecurity,2027-cdao-defense-security-washington-speaking,CDAO Defense & Security 2027,2027,SUBMISSION DEADLINE,NO_VALUE,,,,,the page states nothing for this field and edition
Cybersecurity,2026-hitb-ootb-jakarta-speaking,Hack In The Box (OOTB 2026 Jakarta),2026,START DATE,NO_VALUE,,,,,the page states nothing for this field and edition
Cybersecurity,2026-hitb-ootb-jakarta-speaking,Hack In The Box (OOTB 2026 Jakarta),2026,CONFERENCE DATES,NO_VALUE,,,,,the page states nothing for this field and edition
Cybersecurity,2026-hitb-ootb-jakarta-speaking,Hack In The Box (OOTB 2026 Jakarta),2026,LOCATION,AGREES,"Grand Hyatt, Jakarta, Indonesia","city Jakarta, country Indonesia","Grand Hyatt, Jakarta || Jakarta 10350, Indonesia",https://ootb.net/jkt2026,ok
Cybersecurity,2026-hitb-ootb-jakarta-speaking,Hack In The Box (OOTB 2026 Jakarta),2026,SUBMISSION DEADLINE,NO_VALUE,,,,,the page states nothing for this field and edition
Cybersecurity,2027-gartner-identity-access-management-summit-london-speaking,Gartner Identity & Access Management Summit,2027,START DATE,AGREES,3/8/2027,2027-03-08,8 – 9 March 2027,https://www.gartner.com/en/conferences/emea/identity-access-management-uk,ok
Cybersecurity,2027-gartner-identity-access-management-summit-london-speaking,Gartner Identity & Access Management Summit,2027,CONFERENCE DATES,FILLS,,2027-03-08 to 2027-03-09,8 – 9 March 2027,https://www.gartner.com/en/conferences/emea/identity-access-management-uk,ok
Cybersecurity,2027-gartner-identity-access-management-summit-london-speaking,Gartner Identity & Access Management Summit,2027,LOCATION,AGREES,"InterContinental London – The O2, 1 Waterview Drive, London, England SE10 0TW, United Kingdom","city London, country U.K.","London, U.K.",https://www.gartner.com/en/conferences/emea/identity-access-management-uk,ok
Cybersecurity,2027-gartner-identity-access-management-summit-london-speaking,Gartner Identity & Access Management Summit,2027,SUBMISSION DEADLINE,NO_VALUE,,,,,the page states nothing for this field and edition
Cybersecurity,2027-gartner-security-risk-management-summit-tokyo-speaking,Gartner Security & Risk Management Summit (Tokyo),2027,START DATE,UNSUPPORTED,7/21/2027,,,,the page states nothing for this field and edition
Cybersecurity,2027-gartner-security-risk-management-summit-tokyo-speaking,Gartner Security & Risk Management Summit (Tokyo),2027,CONFERENCE DATES,NO_VALUE,,,,,the page states nothing for this field and edition
Cybersecurity,2027-gartner-security-risk-management-summit-tokyo-speaking,Gartner Security & Risk Management Summit (Tokyo),2027,LOCATION,UNSUPPORTED,"Grand Nikko Tokyo Daiba, Tokyo, Japan",,,,the page states nothing for this field and edition
Cybersecurity,2027-gartner-security-risk-management-summit-tokyo-speaking,Gartner Security & Risk Management Summit (Tokyo),2027,SUBMISSION DEADLINE,NO_VALUE,,,,,the page states nothing for this field and edition
Cybersecurity,2027-wild-west-hackin-fest-mile-high-denver-speaking,Wild West Hackin' Fest @ Mile High,2027,START DATE,AGREES,2/17/2027,2027-02-17,"Live and Virtual Conference February 17-19, 2027",https://wildwesthackinfest.com/wild-west-hackin-fest-mile-high-2027/,"ok (2 ranges on the page; this one is labelled '16-17, 2027 live and virtual conference  , 2027 in-person registra' by the page)"
Cybersecurity,2027-wild-west-hackin-fest-mile-high-denver-speaking,Wild West Hackin' Fest @ Mile High,2027,CONFERENCE DATES,FILLS,,2027-02-17 to 2027-02-19,"Live and Virtual Conference February 17-19, 2027",https://wildwesthackinfest.com/wild-west-hackin-fest-mile-high-2027/,ok
Cybersecurity,2027-wild-west-hackin-fest-mile-high-denver-speaking,Wild West Hackin' Fest @ Mile High,2027,LOCATION,DIFFERS,"Sheraton Denver Downtown Hotel, 1550 Court Pl, Denver, CO 80202","city Denver, country United States","1550 Court Pl, Denver, CO 80202 || Location : Sheraton Denver Downtown Hotel 1550 Court Pl, Denver, CO 80202",https://wildwesthackinfest.com/wild-west-hackin-fest-mile-high-2027/,differs in country
Cybersecurity,2027-wild-west-hackin-fest-mile-high-denver-speaking,Wild West Hackin' Fest @ Mile High,2027,SUBMISSION DEADLINE,NO_VALUE,,,,,the page states nothing for this field and edition
Cybersecurity,2026-odsc-west-burlingame-speaking,ODSC Open Data Science Conference West,2026,START DATE,UNSUPPORTED,10/27/2026,,,,"the quote does not state that day, month and year"
Cybersecurity,2026-odsc-west-burlingame-speaking,ODSC Open Data Science Conference West,2026,CONFERENCE DATES,NO_VALUE,,,,,"the quote does not state that day, month and year"
Cybersecurity,2026-odsc-west-burlingame-speaking,ODSC Open Data Science Conference West,2026,LOCATION,DIFFERS,"Hyatt Regency SFO, 1333 Old Bayshore Hwy, Burlingame, CA 94010, USA",city San Francisco,SAN FRANCISCO,https://odsc.ai/west/,differs in city
Cybersecurity,2026-odsc-west-burlingame-speaking,ODSC Open Data Science Conference West,2026,SUBMISSION DEADLINE,NO_VALUE,,,,,the page states nothing for this field and edition
Cybersecurity,2027-sans-ai-cybersecurity-summit-tbd-speaking,SANS AI Cybersecurity Summit,2027,START DATE,UNSUPPORTED,4/20/2027,,,,the page states nothing for this field and edition; the page text never mentions 2027 (it shows 2026)
Cybersecurity,2027-sans-ai-cybersecurity-summit-tbd-speaking,SANS AI Cybersecurity Summit,2027,CONFERENCE DATES,NO_VALUE,,,,,the page states nothing for this field and edition; the page text never mentions 2027 (it shows 2026)
Cybersecurity,2027-sans-ai-cybersecurity-summit-tbd-speaking,SANS AI Cybersecurity Summit,2027,LOCATION,UNSUPPORTED,"Arlington, VA & Live Online",,,,the page states nothing for this field and edition; the page text never mentions 2027 (it shows 2026)
Cybersecurity,2027-sans-ai-cybersecurity-summit-tbd-speaking,SANS AI Cybersecurity Summit,2027,SUBMISSION DEADLINE,NO_VALUE,,,,,the page states nothing for this field and edition; the page text never mentions 2027 (it shows 2026)
Cybersecurity,2026-nullcon-berlin-speaking,Nullcon Berlin,2026,START DATE,AGREES,11/5/2026,2026-11-05,Conference: 5th - 6th November 2026,https://nullcon.net/event/nullcon-berlin-2026/,ok (4 ranges on the page; this one is labelled 'conference:   2026 venue: maritim proa' by the page)
Cybersecurity,2026-nullcon-berlin-speaking,Nullcon Berlin,2026,CONFERENCE DATES,FILLS,,2026-11-05 to 2026-11-06,Conference: 5th - 6th November 2026,https://nullcon.net/event/nullcon-berlin-2026/,ok
Cybersecurity,2026-nullcon-berlin-speaking,Nullcon Berlin,2026,LOCATION,AGREES,"The Westin Grand, Berlin, Germany","city Berlin, country Germany","Berlin, Germany",https://nullcon.net/event/nullcon-berlin-2026/,ok
Cybersecurity,2026-nullcon-berlin-speaking,Nullcon Berlin,2026,SUBMISSION DEADLINE,FILLS,,2026-07-12,12th July 2026 ✍ CFP Closes Closed,https://nullcon.net/event/nullcon-berlin-2026/,ok
Cybersecurity,2027-cyberuk-manchester-speaking,CYBERUK,2027,START DATE,AGREES,5/11/2027,2027-05-11,"11 - 13 MAY 2027, LIVERPOOL EXPERIENCE CAMPUS",https://www.cyberuk.uk/,ok
Cybersecurity,2027-cyberuk-manchester-speaking,CYBERUK,2027,CONFERENCE DATES,FILLS,,2027-05-11 to 2027-05-13,"11 - 13 MAY 2027, LIVERPOOL EXPERIENCE CAMPUS",https://www.cyberuk.uk/,ok
Cybersecurity,2027-cyberuk-manchester-speaking,CYBERUK,2027,LOCATION,AGREES,"Liverpool Experience Campus, Liverpool, UK","city Liverpool, country UK",join us in Liverpool || one of the UK's great cities.,https://www.cyberuk.uk/,ok
Cybersecurity,2027-cyberuk-manchester-speaking,CYBERUK,2027,SUBMISSION DEADLINE,NO_VALUE,,,,,the page states nothing for this field and edition
Cybersecurity,2027-gartner-security-risk-management-summit-london-speaking,Gartner Security & Risk Management Summit (London),2027,START DATE,AGREES,9/21/2027,2027-09-21,21 – 23 September 2027,https://www.gartner.com/en/conferences/emea/security-risk-management-uk,ok
Cybersecurity,2027-gartner-security-risk-management-summit-london-speaking,Gartner Security & Risk Management Summit (London),2027,CONFERENCE DATES,FILLS,,2027-09-21 to 2027-09-23,21 – 23 September 2027,https://www.gartner.com/en/conferences/emea/security-risk-management-uk,ok
Cybersecurity,2027-gartner-security-risk-management-summit-london-speaking,Gartner Security & Risk Management Summit (London),2027,LOCATION,AGREES,"ExCeL London, Royal Victoria Dock, 1 Western Gateway, London, England E16 1XL, United Kingdom","city London, country U.K.","London, U.K.",https://www.gartner.com/en/conferences/emea/security-risk-management-uk,ok
Cybersecurity,2027-gartner-security-risk-management-summit-london-speaking,Gartner Security & Risk Management Summit (London),2027,SUBMISSION DEADLINE,NO_VALUE,,,,,the page states nothing for this field and edition
Cybersecurity,2027-gartner-security-risk-management-summit-national-harbor-speaking,Gartner Security & Risk Management Summit (National Harbor),2027,START DATE,AGREES,6/14/2027,2027-06-14,"June 14 – 16, 2027",https://www.gartner.com/en/conferences/na/security-risk-management-us,ok
Cybersecurity,2027-gartner-security-risk-management-summit-national-harbor-speaking,Gartner Security & Risk Management Summit (National Harbor),2027,CONFERENCE DATES,FILLS,,2027-06-14 to 2027-06-16,"June 14 – 16, 2027",https://www.gartner.com/en/conferences/na/security-risk-management-us,ok
Cybersecurity,2027-gartner-security-risk-management-summit-national-harbor-speaking,Gartner Security & Risk Management Summit (National Harbor),2027,LOCATION,AGREES,"Gaylord National Resort & Convention Center, National Harbor, MD, USA","city National Harbor, country United States","National Harbor, MD",https://www.gartner.com/en/conferences/na/security-risk-management-us,ok
Cybersecurity,2027-gartner-security-risk-management-summit-national-harbor-speaking,Gartner Security & Risk Management Summit (National Harbor),2027,SUBMISSION DEADLINE,NO_VALUE,,,,,the page states nothing for this field and edition
Cybersecurity,2027-ieee-symposium-security-privacy-san-francisco-speaking,IEEE Symposium on Security & Privacy,2027,START DATE,AGREES,5/17/2027,2027-05-17,"The Symposium will be held on May 17-19, 2027",https://www.ieee-security.org/TC/SP2027/,ok
Cybersecurity,2027-ieee-symposium-security-privacy-san-francisco-speaking,IEEE Symposium on Security & Privacy,2027,CONFERENCE DATES,FILLS,,2027-05-17 to 2027-05-19,"The Symposium will be held on May 17-19, 2027",https://www.ieee-security.org/TC/SP2027/,ok
Cybersecurity,2027-ieee-symposium-security-privacy-san-francisco-speaking,IEEE Symposium on Security & Privacy,2027,LOCATION,AGREES,"Le Centre Sheraton Montreal Hotel, Montreal, Canada","city Montreal, country Canada","Both events will be in Montreal, Canada at Le Centre Sheraton Montreal Hotel.",https://www.ieee-security.org/TC/SP2027/,ok
Cybersecurity,2027-ieee-symposium-security-privacy-san-francisco-speaking,IEEE Symposium on Security & Privacy,2027,SUBMISSION DEADLINE,NO_VALUE,,,,,the page states nothing for this field and edition
Cybersecurity,2027-infosecurity-europe-london-speaking,Infosecurity Europe 2027,2027,START DATE,AGREES,6/8/2027,2027-06-08,Tuesday 8 June 2027 9:30am - 5:30pm,https://www.infosecurityeurope.com/,ok
Cybersecurity,2027-infosecurity-europe-london-speaking,Infosecurity Europe 2027,2027,CONFERENCE DATES,FILLS,,2027-06-08 to 2027-06-10,Tuesday 8 June 2027 9:30am - 5:30pm || Thursday 10 June 2027 9:30am - 4pm,https://www.infosecurityeurope.com/,ok
Cybersecurity,2027-infosecurity-europe-london-speaking,Infosecurity Europe 2027,2027,LOCATION,UNSUPPORTED,"Excel London, One Western Gateway, Royal Victoria Dock, London E16 1XL, UK",city London,London E16 1XL,https://www.infosecurityeurope.com/,only the city is proven (it agrees); the other part is not
Cybersecurity,2027-infosecurity-europe-london-speaking,Infosecurity Europe 2027,2027,SUBMISSION DEADLINE,NO_VALUE,,,,,the page states nothing for this field and edition
Cybersecurity,2027-sxsw-austin,SXSW AI Track,2027,START DATE,AGREES,3/15/2027,2027-03-15,"March 15–21, 2027",https://sxsw.com/tracks/,ok
Cybersecurity,2027-sxsw-austin,SXSW AI Track,2027,CONFERENCE DATES,FILLS,,2027-03-15 to 2027-03-21,"March 15–21, 2027",https://sxsw.com/tracks/,ok
Cybersecurity,2027-sxsw-austin,SXSW AI Track,2027,LOCATION,DIFFERS,"Austin, TX","city Austin, country United States","Austin, TX || March 15–21, 2027 | Austin, TX",https://sxsw.com/tracks/,differs in country
Cybersecurity,2027-sxsw-austin,SXSW AI Track,2027,SUBMISSION DEADLINE,NO_VALUE,,,,,the page states nothing for this field and edition
Cybersecurity,2027-world-summit-ai-amsterdam-speaking,World Summit AI Amsterdam 2027,2027,START DATE,AGREES,10/6/2027,2027-10-06,"World Summit AI, 06-07 October 2027, Amsterdam, Netherlands",https://worldsummit.ai/form-speakers-enquiries/,"ok (2 ranges on the page; this one is labelled '2027, montréal, canada world summit ai,   2027, amsterdam, netherl' by the page)"
Cybersecurity,2027-world-summit-ai-amsterdam-speaking,World Summit AI Amsterdam 2027,2027,CONFERENCE DATES,FILLS,,2027-10-06 to 2027-10-07,"World Summit AI, 06-07 October 2027, Amsterdam, Netherlands",https://worldsummit.ai/form-speakers-enquiries/,ok
Cybersecurity,2027-world-summit-ai-amsterdam-speaking,World Summit AI Amsterdam 2027,2027,LOCATION,AGREES,"Amsterdam, Netherlands","city Amsterdam, country Netherlands","World Summit AI, 06-07 October 2027, Amsterdam, Netherlands",https://worldsummit.ai/form-speakers-enquiries/,ok
Cybersecurity,2027-world-summit-ai-amsterdam-speaking,World Summit AI Amsterdam 2027,2027,SUBMISSION DEADLINE,NO_VALUE,,,,,the page states nothing for this field and edition
Cybersecurity,2027-owasp-global-appsec-eu-vienna-speaking,OWASP Global AppSec EU 2027,2027,START DATE,UNSUPPORTED,6/21/2027,,,,the page states nothing for this field and edition
Cybersecurity,2027-owasp-global-appsec-eu-vienna-speaking,OWASP Global AppSec EU 2027,2027,CONFERENCE DATES,NO_VALUE,,,,,the page states nothing for this field and edition
Cybersecurity,2027-owasp-global-appsec-eu-vienna-speaking,OWASP Global AppSec EU 2027,2027,LOCATION,UNSUPPORTED,"Vienna, Austria",,,,the page states nothing for this field and edition
Cybersecurity,2027-owasp-global-appsec-eu-vienna-speaking,OWASP Global AppSec EU 2027,2027,SUBMISSION DEADLINE,NO_VALUE,,,,,the page states nothing for this field and edition
Cybersecurity,2027-owasp-global-appsec-usa-atlanta-speaking,OWASP Global AppSec USA 2027,2027,START DATE,UNSUPPORTED,9/20/2027,,,,the page states nothing for this field and edition
Cybersecurity,2027-owasp-global-appsec-usa-atlanta-speaking,OWASP Global AppSec USA 2027,2027,CONFERENCE DATES,NO_VALUE,,,,,the page states nothing for this field and edition
Cybersecurity,2027-owasp-global-appsec-usa-atlanta-speaking,OWASP Global AppSec USA 2027,2027,LOCATION,UNSUPPORTED,"Atlanta, GA, USA",,,,the page states nothing for this field and edition
Cybersecurity,2027-owasp-global-appsec-usa-atlanta-speaking,OWASP Global AppSec USA 2027,2027,SUBMISSION DEADLINE,NO_VALUE,,,,,the page states nothing for this field and edition
Cybersecurity,2027-first-annual-conference-bangkok-speaking,FIRST Annual Conference 2027 (39th - Bangkok),2027,START DATE,UNSUPPORTED,6/13/2027,,,,the page states nothing for this field and edition; the page text never mentions 2027
Cybersecurity,2027-first-annual-conference-bangkok-speaking,FIRST Annual Conference 2027 (39th - Bangkok),2027,CONFERENCE DATES,NO_VALUE,,,,,the page states nothing for this field and edition; the page text never mentions 2027
Cybersecurity,2027-first-annual-conference-bangkok-speaking,FIRST Annual Conference 2027 (39th - Bangkok),2027,LOCATION,UNSUPPORTED,"Bangkok, Thailand",,,,the page states nothing for this field and edition; the page text never mentions 2027
Cybersecurity,2027-first-annual-conference-bangkok-speaking,FIRST Annual Conference 2027 (39th - Bangkok),2027,SUBMISSION DEADLINE,NO_VALUE,,,,,the page states nothing for this field and edition; the page text never mentions 2027
Cybersecurity,2028-first-annual-conference-prague-speaking,FIRST Annual Conference 2028 (40th - Prague),2028,START DATE,UNSUPPORTED,6/11/2028,,,,the page states nothing for this field and edition; the page text never mentions 2028
Cybersecurity,2028-first-annual-conference-prague-speaking,FIRST Annual Conference 2028 (40th - Prague),2028,CONFERENCE DATES,NO_VALUE,,,,,the page states nothing for this field and edition; the page text never mentions 2028
Cybersecurity,2028-first-annual-conference-prague-speaking,FIRST Annual Conference 2028 (40th - Prague),2028,LOCATION,UNSUPPORTED,"Prague, Czech Republic",,,,the page states nothing for this field and edition; the page text never mentions 2028
Cybersecurity,2028-first-annual-conference-prague-speaking,FIRST Annual Conference 2028 (40th - Prague),2028,SUBMISSION DEADLINE,NO_VALUE,,,,,the page states nothing for this field and edition; the page text never mentions 2028
Cybersecurity,2027-vulncon-scottsdale-speaking,VulnCon 2027 (FIRST),2027,START DATE,AGREES,3/30/2027,2027-03-30,"The conference will take place March 30-April 2, 2027, at the DoubleTree Resort by Hilton Paradise Valley in Scottsdale, Arizona, USA.",https://www.first.org/conference/vulncon27/,ok
Cybersecurity,2027-vulncon-scottsdale-speaking,VulnCon 2027 (FIRST),2027,CONFERENCE DATES,FILLS,,2027-03-30 to 2027-04-02,"The conference will take place March 30-April 2, 2027, at the DoubleTree Resort by Hilton Paradise Valley in Scottsdale, Arizona, USA.",https://www.first.org/conference/vulncon27/,ok
Cybersecurity,2027-vulncon-scottsdale-speaking,VulnCon 2027 (FIRST),2027,LOCATION,AGREES,"DoubleTree Resort by Hilton Paradise Valley, Scottsdale, Arizona, USA","city Scottsdale, country USA","The conference will take place March 30-April 2, 2027, at the DoubleTree Resort by Hilton Paradise Valley in Scottsdale, Arizona, USA.",https://www.first.org/conference/vulncon27/,ok
Cybersecurity,2027-vulncon-scottsdale-speaking,VulnCon 2027 (FIRST),2027,SUBMISSION DEADLINE,NO_VALUE,,,,,the page states nothing for this field and edition
Cybersecurity,2027-firstcti-berlin-speaking,FIRST Cyber Threat Intelligence Conference (FIRSTCTI) 2027,2027,START DATE,UNSUPPORTED,4/21/2027,,,,the page states nothing for this field and edition
Cybersecurity,2027-firstcti-berlin-speaking,FIRST Cyber Threat Intelligence Conference (FIRSTCTI) 2027,2027,CONFERENCE DATES,NO_VALUE,,,,,the page states nothing for this field and edition
Cybersecurity,2027-firstcti-berlin-speaking,FIRST Cyber Threat Intelligence Conference (FIRSTCTI) 2027,2027,LOCATION,UNSUPPORTED,"Berlin, Germany",,,,the page states nothing for this field and edition
Cybersecurity,2027-firstcti-berlin-speaking,FIRST Cyber Threat Intelligence Conference (FIRSTCTI) 2027,2027,SUBMISSION DEADLINE,NO_VALUE,,,,,the page states nothing for this field and edition
Utility,2026-industrial-net-zero-conference-sydney,Industrial Net Zero Conference 2027,2027,START DATE,NO_VALUE,,,,,the page states nothing for this field and edition; the page text never mentions 2027 (it shows 2026)
Utility,2026-industrial-net-zero-conference-sydney,Industrial Net Zero Conference 2027,2027,CONFERENCE DATES,NO_VALUE,,,,,the page states nothing for this field and edition; the page text never mentions 2027 (it shows 2026)
Utility,2026-industrial-net-zero-conference-sydney,Industrial Net Zero Conference 2027,2027,LOCATION,UNSUPPORTED,"Pullman Sydney Hyde Park, Sydney, Australia",,,,the page states nothing for this field and edition; the page text never mentions 2027 (it shows 2026)
Utility,2026-industrial-net-zero-conference-sydney,Industrial Net Zero Conference 2027,2027,SUBMISSION DEADLINE,UNSUPPORTED,11/15/2026,,,,the page states nothing for this field and edition; the page text never mentions 2027 (it shows 2026)
Utility,2027-european-carbon-capture-utilization-storage-amsterdam,"European Carbon Capture, Utilization & Storage Conference 2027",2027,START DATE,UNSUPPORTED,1/26/2027,,,,the page states nothing for this field and edition; the page text never mentions 2027 (it shows 2026)
Utility,2027-european-carbon-capture-utilization-storage-amsterdam,"European Carbon Capture, Utilization & Storage Conference 2027",2027,CONFERENCE DATES,UNSUPPORTED,"January 26 - January 27, 2027",,,,the page states nothing for this field and edition; the page text never mentions 2027 (it shows 2026)
Utility,2027-european-carbon-capture-utilization-storage-amsterdam,"European Carbon Capture, Utilization & Storage Conference 2027",2027,LOCATION,UNSUPPORTED,"Amsterdam, Netherlands",,,,the page states nothing for this field and edition; the page text never mentions 2027 (it shows 2026)
Utility,2027-european-carbon-capture-utilization-storage-amsterdam,"European Carbon Capture, Utilization & Storage Conference 2027",2027,SUBMISSION DEADLINE,UNSUPPORTED,10/30/2026,,,,the page states nothing for this field and edition; the page text never mentions 2027 (it shows 2026)
Utility,2026-american-hydrogen-ccus-forum-houston,American Hydrogen & CCUS Forum 2026,2026,START DATE,UNSUPPORTED,11/4/2026,,,,the page states nothing for this field and edition
Utility,2026-american-hydrogen-ccus-forum-houston,American Hydrogen & CCUS Forum 2026,2026,CONFERENCE DATES,UNSUPPORTED,"November 4 - November 5, 2026",,,,the page states nothing for this field and edition
Utility,2026-american-hydrogen-ccus-forum-houston,American Hydrogen & CCUS Forum 2026,2026,LOCATION,UNSUPPORTED,"Houston, Texas, USA",,,,the page states nothing for this field and edition
Utility,2026-american-hydrogen-ccus-forum-houston,American Hydrogen & CCUS Forum 2026,2026,SUBMISSION DEADLINE,UNSUPPORTED,8/30/2026,,,,the page states nothing for this field and edition
Utility,2027-decarb-connect-europe-vienna,Decarb Connect Europe 2027,2027,START DATE,AGREES,4/14/2027,2027-04-14,"14 - 15 April, 2027 Vienna, Austria",https://decarbconnecteurope.com/,ok
Utility,2027-decarb-connect-europe-vienna,Decarb Connect Europe 2027,2027,CONFERENCE DATES,AGREES,"April 14 - April 15, 2027",2027-04-14 to 2027-04-15,"14 - 15 April, 2027 Vienna, Austria",https://decarbconnecteurope.com/,ok
Utility,2027-decarb-connect-europe-vienna,Decarb Connect Europe 2027,2027,LOCATION,AGREES,"Vienna, Austria","city Vienna, country Austria","14 - 15 April, 2027 Vienna, Austria",https://decarbconnecteurope.com/,ok
Utility,2027-decarb-connect-europe-vienna,Decarb Connect Europe 2027,2027,SUBMISSION DEADLINE,UNSUPPORTED,1/30/2027,,,,the page states nothing for this field and edition
Utility,2026-connecting-hydrogen-europe-madrid,Connecting Hydrogen Europe 2026,2026,START DATE,UNSUPPORTED,10/20/2026,,,,the page states nothing for this field and edition; the page text never mentions 2026
Utility,2026-connecting-hydrogen-europe-madrid,Connecting Hydrogen Europe 2026,2026,CONFERENCE DATES,UNSUPPORTED,"October 20 - October 22, 2026",,,,the page states nothing for this field and edition; the page text never mentions 2026
Utility,2026-connecting-hydrogen-europe-madrid,Connecting Hydrogen Europe 2026,2026,LOCATION,UNSUPPORTED,"IFEMA Madrid, Madrid, Spain",,,,the page states nothing for this field and edition; the page text never mentions 2026
Utility,2026-connecting-hydrogen-europe-madrid,Connecting Hydrogen Europe 2026,2026,SUBMISSION DEADLINE,UNSUPPORTED,8/15/2026,,,,the page states nothing for this field and edition; the page text never mentions 2026
Utility,2026-reuters-events-global-energy-forum-new-york-city,Reuters Events: Global Energy Forum 2026,2026,START DATE,UNSUPPORTED,9/22/2026,,,,no page could be read
Utility,2026-reuters-events-global-energy-forum-new-york-city,Reuters Events: Global Energy Forum 2026,2026,CONFERENCE DATES,UNSUPPORTED,"September 22 - September 23, 2026",,,,no page could be read
Utility,2026-reuters-events-global-energy-forum-new-york-city,Reuters Events: Global Energy Forum 2026,2026,LOCATION,UNSUPPORTED,"New York City, New York, USA",,,,no page could be read
Utility,2026-reuters-events-global-energy-forum-new-york-city,Reuters Events: Global Energy Forum 2026,2026,SUBMISSION DEADLINE,UNSUPPORTED,7/15/2026,,,,no page could be read
Utility,2027-horizons-clean-energy-expansion-asia-conference-tokyo,Horizons Clean Energy Expansion Asia Conference 2027,2027,START DATE,UNSUPPORTED,2/24/2027,,,,the page states nothing for this field and edition; the page text never mentions 2027
Utility,2027-horizons-clean-energy-expansion-asia-conference-tokyo,Horizons Clean Energy Expansion Asia Conference 2027,2027,CONFERENCE DATES,UNSUPPORTED,"February 24 - February 25, 2027",,,,the page states nothing for this field and edition; the page text never mentions 2027
Utility,2027-horizons-clean-energy-expansion-asia-conference-tokyo,Horizons Clean Energy Expansion Asia Conference 2027,2027,LOCATION,UNSUPPORTED,"Tokyo, Japan",,,,the page states nothing for this field and edition; the page text never mentions 2027
Utility,2027-horizons-clean-energy-expansion-asia-conference-tokyo,Horizons Clean Energy Expansion Asia Conference 2027,2027,SUBMISSION DEADLINE,NO_VALUE,,,,,the page states nothing for this field and edition; the page text never mentions 2027
Utility,2026-wfcc-fukuoka,WFCC 2026 (World Fuel Cell Conference),2026,START DATE,UNSUPPORTED,8/24/2026,,,,the page states nothing for this field and edition
Utility,2026-wfcc-fukuoka,WFCC 2026 (World Fuel Cell Conference),2026,CONFERENCE DATES,UNSUPPORTED,"August 24 - August 27, 2026",,,,the page states nothing for this field and edition
Utility,2026-wfcc-fukuoka,WFCC 2026 (World Fuel Cell Conference),2026,LOCATION,UNSUPPORTED,"Fukuoka, Japan",,,,the page states nothing for this field and edition
Utility,2026-wfcc-fukuoka,WFCC 2026 (World Fuel Cell Conference),2026,SUBMISSION DEADLINE,UNSUPPORTED,4/15/2026,,,,the page states nothing for this field and edition
Utility,2026-the-4th-international-indonesia-ccs-forum-jakarta,World Hydrogen & Carbon Capture Conference Indonesia (IICCS Forum 2026),2026,START DATE,UNSUPPORTED,9/16/2026,,,,the page states nothing for this field and edition
Utility,2026-the-4th-international-indonesia-ccs-forum-jakarta,World Hydrogen & Carbon Capture Conference Indonesia (IICCS Forum 2026),2026,CONFERENCE DATES,UNSUPPORTED,"September 16 - September 17, 2026",,,,the page states nothing for this field and edition
Utility,2026-the-4th-international-indonesia-ccs-forum-jakarta,World Hydrogen & Carbon Capture Conference Indonesia (IICCS Forum 2026),2026,LOCATION,UNSUPPORTED,"Jakarta Convention Center (JCC), Jakarta, Indonesia",,,,the page states nothing for this field and edition
Utility,2026-the-4th-international-indonesia-ccs-forum-jakarta,World Hydrogen & Carbon Capture Conference Indonesia (IICCS Forum 2026),2026,SUBMISSION DEADLINE,UNSUPPORTED,7/31/2026,,,,the page states nothing for this field and edition
Utility,2026-carbon-capture-usa-houston,Carbon Capture USA 2026,2026,START DATE,AGREES,11/16/2026,2026-11-16,"November 16 – 17, 2026 | Houston, Texas, USA",https://www.usa.carbon-capture-conference.com/,ok
Utility,2026-carbon-capture-usa-houston,Carbon Capture USA 2026,2026,CONFERENCE DATES,AGREES,"November 16 - November 17, 2026",2026-11-16 to 2026-11-17,"November 16 – 17, 2026 | Houston, Texas, USA",https://www.usa.carbon-capture-conference.com/,ok
Utility,2026-carbon-capture-usa-houston,Carbon Capture USA 2026,2026,LOCATION,AGREES,"Houston, Texas, USA","city Houston, country USA","Houston, Texas, USA",https://www.usa.carbon-capture-conference.com/,ok
Utility,2026-carbon-capture-usa-houston,Carbon Capture USA 2026,2026,SUBMISSION DEADLINE,UNSUPPORTED,6/30/2026,,,,the page states nothing for this field and edition
Utility,2026-asia-pacific-hydrogen-summit-exhibition-adelaide,Asia Pacific Hydrogen Summit & Exhibition 2026,2026,START DATE,UNSUPPORTED,9/14/2026,,,,the page states nothing for this field and edition; the page text never mentions 2026
Utility,2026-asia-pacific-hydrogen-summit-exhibition-adelaide,Asia Pacific Hydrogen Summit & Exhibition 2026,2026,CONFERENCE DATES,UNSUPPORTED,"September 14 - September 15, 2026",,,,the page states nothing for this field and edition; the page text never mentions 2026
Utility,2026-asia-pacific-hydrogen-summit-exhibition-adelaide,Asia Pacific Hydrogen Summit & Exhibition 2026,2026,LOCATION,UNSUPPORTED,"Adelaide Convention Centre, Adelaide, Australia",,,,the page states nothing for this field and edition; the page text never mentions 2026
Utility,2026-asia-pacific-hydrogen-summit-exhibition-adelaide,Asia Pacific Hydrogen Summit & Exhibition 2026,2026,SUBMISSION DEADLINE,UNSUPPORTED,6/30/2026,,,,the page states nothing for this field and edition; the page text never mentions 2026
Utility,2027-decarb-techinvest-boston,Decarb TechInvest 2027,2027,START DATE,UNSUPPORTED,5/11/2027,,,,the page states nothing for this field and edition; the page text never mentions 2027 (it shows 2026)
Utility,2027-decarb-techinvest-boston,Decarb TechInvest 2027,2027,CONFERENCE DATES,UNSUPPORTED,"May 11 - May 12, 2027",,,,the page states nothing for this field and edition; the page text never mentions 2027 (it shows 2026)
Utility,2027-decarb-techinvest-boston,Decarb TechInvest 2027,2027,LOCATION,UNSUPPORTED,"Boston, Massachusetts, USA",,,,the page states nothing for this field and edition; the page text never mentions 2027 (it shows 2026)
Utility,2027-decarb-techinvest-boston,Decarb TechInvest 2027,2027,SUBMISSION DEADLINE,UNSUPPORTED,12/15/2026,,,,the page states nothing for this field and edition; the page text never mentions 2027 (it shows 2026)
Utility,2026-hydrogen-innovation-and-technology-conference-manchester,Hydrogen Innovation and Technology Conference 2026 (IChemE Hydrogen 2026),2026,START DATE,UNSUPPORTED,11/17/2026,,,,the page states nothing for this field and edition
Utility,2026-hydrogen-innovation-and-technology-conference-manchester,Hydrogen Innovation and Technology Conference 2026 (IChemE Hydrogen 2026),2026,CONFERENCE DATES,UNSUPPORTED,"November 17 - November 18, 2026",,,,the page states nothing for this field and edition
Utility,2026-hydrogen-innovation-and-technology-conference-manchester,Hydrogen Innovation and Technology Conference 2026 (IChemE Hydrogen 2026),2026,LOCATION,UNSUPPORTED,"London, United Kingdom",,,,the page states nothing for this field and edition
Utility,2026-hydrogen-innovation-and-technology-conference-manchester,Hydrogen Innovation and Technology Conference 2026 (IChemE Hydrogen 2026),2026,SUBMISSION DEADLINE,UNSUPPORTED,7/1/2026,,,,the page states nothing for this field and edition
Utility,2026-gastech-bangkok,Gastech 2026,2026,START DATE,UNSUPPORTED,9/15/2026,,,,the page states nothing for this field and edition
Utility,2026-gastech-bangkok,Gastech 2026,2026,CONFERENCE DATES,UNSUPPORTED,"September 15 - September 18, 2026",,,,the page states nothing for this field and edition
Utility,2026-gastech-bangkok,Gastech 2026,2026,LOCATION,UNSUPPORTED,"BITEC (Bangkok International Trade & Exhibition Centre), Bangkok, Thailand",,,,the page states nothing for this field and edition
Utility,2026-gastech-bangkok,Gastech 2026,2026,SUBMISSION DEADLINE,UNSUPPORTED,3/31/2026,,,,the page states nothing for this field and edition
Utility,2026-esf-mena-dubai,ESF MENA 2026 (Middle East Energy & Sustainability Forum),2026,START DATE,UNSUPPORTED,11/17/2026,,,,the page states nothing for this field and edition
Utility,2026-esf-mena-dubai,ESF MENA 2026 (Middle East Energy & Sustainability Forum),2026,CONFERENCE DATES,UNSUPPORTED,"November 17 - November 19, 2026",,,,the page states nothing for this field and edition
Utility,2026-esf-mena-dubai,ESF MENA 2026 (Middle East Energy & Sustainability Forum),2026,LOCATION,UNSUPPORTED,"Dubai, United Arab Emirates",,,,the page states nothing for this field and edition
Utility,2026-esf-mena-dubai,ESF MENA 2026 (Middle East Energy & Sustainability Forum),2026,SUBMISSION DEADLINE,UNSUPPORTED,8/31/2026,,,,the page states nothing for this field and edition
Utility,2026-climate-week-nyc-new-york-city,Climate Week NYC 2026,2026,START DATE,AGREES,9/20/2026,2026-09-20,"September 20-27, 2026",https://www.climateweeknyc.org/,ok
Utility,2026-climate-week-nyc-new-york-city,Climate Week NYC 2026,2026,CONFERENCE DATES,AGREES,"September 20 - September 27, 2026",2026-09-20 to 2026-09-27,"September 20-27, 2026",https://www.climateweeknyc.org/,ok
Utility,2026-climate-week-nyc-new-york-city,Climate Week NYC 2026,2026,LOCATION,UNSUPPORTED,"Multiple Venues across New York City, New York, USA",city New York City,New York City,https://www.climateweeknyc.org/,only the city is proven (it agrees); the other part is not
Utility,2026-climate-week-nyc-new-york-city,Climate Week NYC 2026,2026,SUBMISSION DEADLINE,UNSUPPORTED,8/15/2026,,,,the page states nothing for this field and edition
Utility,2026-world-conference-on-carbon-capture-utilisation-the-woodlands,"2026 World Conference on Carbon Capture, Utilisation & Storage (CCUS Event 2026)",2026,START DATE,UNSUPPORTED,10/6/2026,,,,the page states nothing for this field and edition
Utility,2026-world-conference-on-carbon-capture-utilisation-the-woodlands,"2026 World Conference on Carbon Capture, Utilisation & Storage (CCUS Event 2026)",2026,CONFERENCE DATES,UNSUPPORTED,"October 6 - October 8, 2026",,,,the page states nothing for this field and edition
Utility,2026-world-conference-on-carbon-capture-utilisation-the-woodlands,"2026 World Conference on Carbon Capture, Utilisation & Storage (CCUS Event 2026)",2026,LOCATION,UNSUPPORTED,"George R. Brown Convention Center, Houston, Texas, USA",,,,the page states nothing for this field and edition
Utility,2026-world-conference-on-carbon-capture-utilisation-the-woodlands,"2026 World Conference on Carbon Capture, Utilisation & Storage (CCUS Event 2026)",2026,SUBMISSION DEADLINE,UNSUPPORTED,5/15/2026,,,,the page states nothing for this field and edition
Utility,2026-hydrogen-technology-world-expo-europe-hamburg,Hydrogen Technology World Expo Europe 2026,2026,START DATE,DIFFERS,10/21/2026,2026-10-20,Tuesday 20th October 2026,https://www.hydrogen-worldexpo.com/,ok
Utility,2026-hydrogen-technology-world-expo-europe-hamburg,Hydrogen Technology World Expo Europe 2026,2026,CONFERENCE DATES,DIFFERS,"October 21 - October 22, 2026",2026-10-20 to 2026-10-22,Tuesday 20th October 2026 || Thursday 22nd October 2026,https://www.hydrogen-worldexpo.com/,ok
Utility,2026-hydrogen-technology-world-expo-europe-hamburg,Hydrogen Technology World Expo Europe 2026,2026,LOCATION,AGREES,"Hamburg Messe, Hamburg, Germany","city Hamburg, country Germany","Hamburg Messe Messeplatz 1, 20357 Hamburg, Germany",https://www.hydrogen-worldexpo.com/,ok
Utility,2026-hydrogen-technology-world-expo-europe-hamburg,Hydrogen Technology World Expo Europe 2026,2026,SUBMISSION DEADLINE,UNSUPPORTED,6/1/2026,,,,the page states nothing for this field and edition
Utility,2026-hydrogen-americas-summit-exhibition-houston,Hydrogen Americas 2026 Summit & Exhibition,2026,START DATE,UNSUPPORTED,6/15/2026,,,,the page states nothing for this field and edition
Utility,2026-hydrogen-americas-summit-exhibition-houston,Hydrogen Americas 2026 Summit & Exhibition,2026,CONFERENCE DATES,UNSUPPORTED,"June 15 - June 16, 2026",,,,the page states nothing for this field and edition
Utility,2026-hydrogen-americas-summit-exhibition-houston,Hydrogen Americas 2026 Summit & Exhibition,2026,LOCATION,UNSUPPORTED,"George R. Brown Convention Center, Houston, Texas, USA",,,,the page states nothing for this field and edition
Utility,2026-hydrogen-americas-summit-exhibition-houston,Hydrogen Americas 2026 Summit & Exhibition,2026,SUBMISSION DEADLINE,UNSUPPORTED,2/28/2026,,,,the page states nothing for this field and edition
Utility,2026-reuters-events-energy-transition-europe-amsterdam,Reuters Events: Energy Transition Europe 2026,2026,START DATE,DIFFERS,11/11/2026,2026-10-20,20 - 21 Oct,https://events.reutersevents.com/energy-transition/energy-transition-europe,ok (year 2026 taken from the nearest earlier year on the page)
Utility,2026-reuters-events-energy-transition-europe-amsterdam,Reuters Events: Energy Transition Europe 2026,2026,CONFERENCE DATES,DIFFERS,"November 11 - November 12, 2026",2026-10-20 to 2026-10-21,20 - 21 Oct,https://events.reutersevents.com/energy-transition/energy-transition-europe,ok
Utility,2026-reuters-events-energy-transition-europe-amsterdam,Reuters Events: Energy Transition Europe 2026,2026,LOCATION,DIFFERS,"InterContinental London - The O2, London, United Kingdom",city Amsterdam,Amsterdam,https://events.reutersevents.com/energy-transition/energy-transition-europe,differs in city
Utility,2026-reuters-events-energy-transition-europe-amsterdam,Reuters Events: Energy Transition Europe 2026,2026,SUBMISSION DEADLINE,UNSUPPORTED,8/31/2026,,,,the page states nothing for this field and edition
Utility,2026-industrial-decarbonisation-europe-amsterdam,Industrial Decarbonisation Europe 2026 (Reuters Events),2026,START DATE,UNSUPPORTED,11/11/2026,,,,the page states nothing for this field and edition
Utility,2026-industrial-decarbonisation-europe-amsterdam,Industrial Decarbonisation Europe 2026 (Reuters Events),2026,CONFERENCE DATES,UNSUPPORTED,"November 11 - November 12, 2026",,,,the page states nothing for this field and edition
Utility,2026-industrial-decarbonisation-europe-amsterdam,Industrial Decarbonisation Europe 2026 (Reuters Events),2026,LOCATION,UNSUPPORTED,"Amsterdam, Netherlands",,,,the page states nothing for this field and edition
Utility,2026-industrial-decarbonisation-europe-amsterdam,Industrial Decarbonisation Europe 2026 (Reuters Events),2026,SUBMISSION DEADLINE,UNSUPPORTED,8/31/2026,,,,the page states nothing for this field and edition
Utility,2026-carbon-capture-technology-expo-europe-hamburg,Carbon Capture Technology Expo Europe 2026,2026,START DATE,DIFFERS,10/21/2026,2026-10-20,Tuesday 20th October 2026,https://www.carboncapture-expo.com/,ok
Utility,2026-carbon-capture-technology-expo-europe-hamburg,Carbon Capture Technology Expo Europe 2026,2026,CONFERENCE DATES,DIFFERS,"October 21 - October 22, 2026",2026-10-20 to 2026-10-22,Tuesday 20th October 2026 || Thursday 22nd October 2026,https://www.carboncapture-expo.com/,ok
Utility,2026-carbon-capture-technology-expo-europe-hamburg,Carbon Capture Technology Expo Europe 2026,2026,LOCATION,AGREES,"Hamburg Messe, Hamburg, Germany","city Hamburg, country Germany","Hamburg Messe Messeplatz 1, 20357 Hamburg, Germany || Hamburg Messe, Germany",https://www.carboncapture-expo.com/,ok
Utility,2026-carbon-capture-technology-expo-europe-hamburg,Carbon Capture Technology Expo Europe 2026,2026,SUBMISSION DEADLINE,UNSUPPORTED,6/1/2026,,,,the page states nothing for this field and edition
Utility,2026-decarb-connect-canada-toronto,Decarb Connect Canada 2026,2026,START DATE,DIFFERS,11/3/2026,2026-10-27,"27 - 27 October, 2026",https://decarbconnectcanada.com/,ok
Utility,2026-decarb-connect-canada-toronto,Decarb Connect Canada 2026,2026,CONFERENCE DATES,DIFFERS,"November 3 - November 4, 2026",2026-10-27 to 2026-10-27,"27 - 27 October, 2026",https://decarbconnectcanada.com/,ok
Utility,2026-decarb-connect-canada-toronto,Decarb Connect Canada 2026,2026,LOCATION,AGREES,"Toronto, Ontario, Canada","city Toronto, country Canada","Toronto, ON, Canada",https://decarbconnectcanada.com/,ok
Utility,2026-decarb-connect-canada-toronto,Decarb Connect Canada 2026,2026,SUBMISSION DEADLINE,UNSUPPORTED,8/15/2026,,,,the page states nothing for this field and edition
Utility,2026-singapore-international-energy-week-singapore,Singapore International Energy Week 2026 (SIEW 2026),2026,START DATE,UNSUPPORTED,10/26/2026,,,,the page states nothing for this field and edition
Utility,2026-singapore-international-energy-week-singapore,Singapore International Energy Week 2026 (SIEW 2026),2026,CONFERENCE DATES,UNSUPPORTED,"October 26 - October 30, 2026",,,,the page states nothing for this field and edition
Utility,2026-singapore-international-energy-week-singapore,Singapore International Energy Week 2026 (SIEW 2026),2026,LOCATION,UNSUPPORTED,"Sands Expo and Convention Centre, Singapore",,,,the page states nothing for this field and edition
Utility,2026-singapore-international-energy-week-singapore,Singapore International Energy Week 2026 (SIEW 2026),2026,SUBMISSION DEADLINE,UNSUPPORTED,7/31/2026,,,,the page states nothing for this field and edition
Utility,2026-carbonzero-global-conference-exhibition-brussels,CarbonZero Global Conference & Exhibition 2026,2026,START DATE,DIFFERS,11/12/2026,2026-10-27,27–29 October 2026,https://industrylink.eu/event/carbonzero-global-conference-exhibition-2026/,"ok (6 ranges on the page; this one is labelled 'taking place in brussels, belgium from   2026, the event brings t' by the page)"
Utility,2026-carbonzero-global-conference-exhibition-brussels,CarbonZero Global Conference & Exhibition 2026,2026,CONFERENCE DATES,DIFFERS,"November 12 - November 13, 2026",2026-10-27 to 2026-10-29,27–29 October 2026,https://industrylink.eu/event/carbonzero-global-conference-exhibition-2026/,ok
Utility,2026-carbonzero-global-conference-exhibition-brussels,CarbonZero Global Conference & Exhibition 2026,2026,LOCATION,AGREES,"Brussels, Belgium","city Brussels, country Belgium","Brussels, Belgium",https://industrylink.eu/event/carbonzero-global-conference-exhibition-2026/,ok
Utility,2026-carbonzero-global-conference-exhibition-brussels,CarbonZero Global Conference & Exhibition 2026,2026,SUBMISSION DEADLINE,UNSUPPORTED,9/15/2026,,,,the page states nothing for this field and edition
Utility,2026-all-energy-australia-melbourne,All-Energy Australia 2026,2026,START DATE,AGREES,10/28/2026,2026-10-28,28-29 October 2026,https://www.all-energy.com.au/,ok
Utility,2026-all-energy-australia-melbourne,All-Energy Australia 2026,2026,CONFERENCE DATES,AGREES,"October 28 - October 29, 2026",2026-10-28 to 2026-10-29,28-29 October 2026,https://www.all-energy.com.au/,ok
Utility,2026-all-energy-australia-melbourne,All-Energy Australia 2026,2026,LOCATION,UNSUPPORTED,"Melbourne Convention and Exhibition Centre (MCEC), Melbourne, Australia",city Melbourne,"28-29 October 2026 MCEC, Melbourne",https://www.all-energy.com.au/,only the city is proven (it agrees); the other part is not
Utility,2026-all-energy-australia-melbourne,All-Energy Australia 2026,2026,SUBMISSION DEADLINE,UNSUPPORTED,5/30/2026,,,,the page states nothing for this field and edition
Utility,2026-adipec-abu-dhabi,ADIPEC 2026 (Abu Dhabi International Petroleum Exhibition & Conference),2026,START DATE,AGREES,11/2/2026,2026-11-02,"2-5 November 2026, Abu Dhabi, UAE",https://www.adipec.com/,ok
Utility,2026-adipec-abu-dhabi,ADIPEC 2026 (Abu Dhabi International Petroleum Exhibition & Conference),2026,CONFERENCE DATES,AGREES,"November 2 - November 5, 2026",2026-11-02 to 2026-11-05,"2-5 November 2026, Abu Dhabi, UAE",https://www.adipec.com/,ok
Utility,2026-adipec-abu-dhabi,ADIPEC 2026 (Abu Dhabi International Petroleum Exhibition & Conference),2026,LOCATION,AGREES,"ADNEC (Abu Dhabi National Exhibition Centre), Abu Dhabi, United Arab Emirates","city Abu Dhabi, country UAE","2-5 November 2026, Abu Dhabi, UAE",https://www.adipec.com/,ok
Utility,2026-adipec-abu-dhabi,ADIPEC 2026 (Abu Dhabi International Petroleum Exhibition & Conference),2026,SUBMISSION DEADLINE,UNSUPPORTED,4/30/2026,,,,the page states nothing for this field and edition
Utility,2026-h2-meet-goyang,H2 MEET 2026 (World Hydrogen Expo Korea),2026,START DATE,UNSUPPORTED,9/23/2026,,,,"the quote does not state that day, month and year"
Utility,2026-h2-meet-goyang,H2 MEET 2026 (World Hydrogen Expo Korea),2026,CONFERENCE DATES,UNSUPPORTED,"September 23 - September 25, 2026",,,,"the quote does not state that day, month and year"
Utility,2026-h2-meet-goyang,H2 MEET 2026 (World Hydrogen Expo Korea),2026,LOCATION,UNSUPPORTED,"KINTEX (Korea International Exhibition Center), Goyang / Seoul, South Korea",country KOREA,"November 4–6, KINTEX, KOREA",https://www.h2meet.com/,only the country is proven (it agrees); the other part is not
Utility,2026-h2-meet-goyang,H2 MEET 2026 (World Hydrogen Expo Korea),2026,SUBMISSION DEADLINE,UNSUPPORTED,6/30/2026,,,,the page states nothing for this field and edition
Utility,2026-horizons-clean-energy-expansion-week-copenhagen,Horizons Clean Energy Expansion Week 2026 (HCEE Week 2026),2026,START DATE,DIFFERS,10/13/2026,2026-11-24,"24 – 27 November 2026 Bella Center, Copenhagen",https://www.hceeweek.com/,ok
Utility,2026-horizons-clean-energy-expansion-week-copenhagen,Horizons Clean Energy Expansion Week 2026 (HCEE Week 2026),2026,CONFERENCE DATES,DIFFERS,"October 13 - October 15, 2026",2026-11-24 to 2026-11-27,"24 – 27 November 2026 Bella Center, Copenhagen",https://www.hceeweek.com/,ok
Utility,2026-horizons-clean-energy-expansion-week-copenhagen,Horizons Clean Energy Expansion Week 2026 (HCEE Week 2026),2026,LOCATION,UNSUPPORTED,"Bella Center Copenhagen, Copenhagen, Denmark",city Copenhagen,"24 – 27 November 2026 Bella Center, Copenhagen",https://www.hceeweek.com/,only the city is proven (it agrees); the other part is not
Utility,2026-horizons-clean-energy-expansion-week-copenhagen,Horizons Clean Energy Expansion Week 2026 (HCEE Week 2026),2026,SUBMISSION DEADLINE,UNSUPPORTED,6/30/2026,,,,the page states nothing for this field and edition
Utility,2026-industrial-net-zero-decarbonisation-europe-amsterdam,Industrial Net Zero & Decarbonisation Europe Summit 2026,2026,START DATE,UNSUPPORTED,11/25/2026,,,,"the quote does not state that day, month and year"
Utility,2026-industrial-net-zero-decarbonisation-europe-amsterdam,Industrial Net Zero & Decarbonisation Europe Summit 2026,2026,CONFERENCE DATES,UNSUPPORTED,"November 25 - November 26, 2026",,,,"the quote does not state that day, month and year"
Utility,2026-industrial-net-zero-decarbonisation-europe-amsterdam,Industrial Net Zero & Decarbonisation Europe Summit 2026,2026,LOCATION,AGREES,"Amsterdam, Netherlands","city Amsterdam, country Netherlands","Amsterdam, Netherlands || Netherlands",https://www.leadventgrp.com/events/industrial-net-zero-and-decarbonisation-europe/details,ok
Utility,2026-industrial-net-zero-decarbonisation-europe-amsterdam,Industrial Net Zero & Decarbonisation Europe Summit 2026,2026,SUBMISSION DEADLINE,UNSUPPORTED,8/31/2026,,,,the page states nothing for this field and edition
Utility,2026-energy-transition-north-america-houston,Energy Transition North America 2026 (Reuters Events),2026,START DATE,UNSUPPORTED,11/17/2026,,,,no page could be read
Utility,2026-energy-transition-north-america-houston,Energy Transition North America 2026 (Reuters Events),2026,CONFERENCE DATES,UNSUPPORTED,"November 17 - November 18, 2026",,,,no page could be read
Utility,2026-energy-transition-north-america-houston,Energy Transition North America 2026 (Reuters Events),2026,LOCATION,UNSUPPORTED,"Marriott Marquis Houston, Houston, Texas, USA",,,,no page could be read
Utility,2026-energy-transition-north-america-houston,Energy Transition North America 2026 (Reuters Events),2026,SUBMISSION DEADLINE,UNSUPPORTED,8/31/2026,,,,no page could be read
Utility,2027-ces-las-vegas,CES 2027 (Consumer Electronics Show - Smart Energy & Clean Tech),2027,START DATE,UNSUPPORTED,1/5/2027,,,,"the quote does not state that day, month and year"
Utility,2027-ces-las-vegas,CES 2027 (Consumer Electronics Show - Smart Energy & Clean Tech),2027,CONFERENCE DATES,UNSUPPORTED,"January 5 - January 8, 2027",,,,"the quote does not state that day, month and year"
Utility,2027-ces-las-vegas,CES 2027 (Consumer Electronics Show - Smart Energy & Clean Tech),2027,LOCATION,AGREES,"Las Vegas Convention Center & Venetian Expo, Las Vegas, Nevada, USA","city Las Vegas, country United States","January 6-9 Las Vegas, NV",https://www.ces.tech/,ok
Utility,2027-ces-las-vegas,CES 2027 (Consumer Electronics Show - Smart Energy & Clean Tech),2027,SUBMISSION DEADLINE,UNSUPPORTED,9/30/2026,,,,the page states nothing for this field and edition
Utility,2027-world-future-energy-summit-abu-dhabi,World Future Energy Summit 2027 (WFES 2027),2027,START DATE,AGREES,1/12/2027,2027-01-12,12 - 14 January 2027,https://www.worldfutureenergysummit.com/,ok
Utility,2027-world-future-energy-summit-abu-dhabi,World Future Energy Summit 2027 (WFES 2027),2027,CONFERENCE DATES,AGREES,"January 12 - January 14, 2027",2027-01-12 to 2027-01-14,12 - 14 January 2027,https://www.worldfutureenergysummit.com/,ok
Utility,2027-world-future-energy-summit-abu-dhabi,World Future Energy Summit 2027 (WFES 2027),2027,LOCATION,AGREES,"ADNEC (Abu Dhabi National Exhibition Centre), Abu Dhabi, United Arab Emirates","city Abu Dhabi, country UAE","Abu Dhabi || P O Box 5546, Abu Dhabi, UAE",https://www.worldfutureenergysummit.com/,ok
Utility,2027-world-future-energy-summit-abu-dhabi,World Future Energy Summit 2027 (WFES 2027),2027,SUBMISSION DEADLINE,UNSUPPORTED,10/15/2026,,,,the page states nothing for this field and edition
Utility,2027-clean-fuels-conference-phoenix,Clean Fuels Conference 2027,2027,START DATE,DIFFERS,1/17/2027,2027-02-01,"Join us February 1-4, 2027!",https://www.cleanfuelsconference.org/,ok
Utility,2027-clean-fuels-conference-phoenix,Clean Fuels Conference 2027,2027,CONFERENCE DATES,DIFFERS,"January 17 - January 20, 2027",2027-02-01 to 2027-02-04,"Join us February 1-4, 2027!",https://www.cleanfuelsconference.org/,ok
Utility,2027-clean-fuels-conference-phoenix,Clean Fuels Conference 2027,2027,LOCATION,UNSUPPORTED,"Phoenix Convention Center, Phoenix, Arizona, USA",,,,the page states nothing for this field and edition
Utility,2027-clean-fuels-conference-phoenix,Clean Fuels Conference 2027,2027,SUBMISSION DEADLINE,UNSUPPORTED,9/15/2026,,,,the page states nothing for this field and edition
Utility,2026-nineteenth-international-conference-on-climate-johannesburg,International Conference on Climate Change: Impacts and Responses 2027 (19th ICCC),2027,START DATE,UNSUPPORTED,4/15/2027,,,,the page states nothing for this field and edition
Utility,2026-nineteenth-international-conference-on-climate-johannesburg,International Conference on Climate Change: Impacts and Responses 2027 (19th ICCC),2027,CONFERENCE DATES,UNSUPPORTED,"April 15 - April 16, 2027",,,,"the page states nothing for this field and edition; first day not proven, last day proven"
Utility,2026-nineteenth-international-conference-on-climate-johannesburg,International Conference on Climate Change: Impacts and Responses 2027 (19th ICCC),2027,LOCATION,AGREES,"University of the Witwatersrand, Johannesburg, South Africa","city Johannesburg, country South Africa",Johannesburg || South Africa,https://on-climate.com/2027-conference,ok
Utility,2026-nineteenth-international-conference-on-climate-johannesburg,International Conference on Climate Change: Impacts and Responses 2027 (19th ICCC),2027,SUBMISSION DEADLINE,UNSUPPORTED,11/30/2026,,,,the quote has no call wording
Utility,2027-india-energy-week-kolkata,India Energy Week 2027 (IEW 2027),2027,START DATE,UNSUPPORTED,2/9/2027,,,,the page states nothing for this field and edition
Utility,2027-india-energy-week-kolkata,India Energy Week 2027 (IEW 2027),2027,CONFERENCE DATES,UNSUPPORTED,"February 9 - February 12, 2027",,,,"the page states nothing for this field and edition; first day not proven, last day proven"
Utility,2027-india-energy-week-kolkata,India Energy Week 2027 (IEW 2027),2027,LOCATION,DIFFERS,"Yashobhoomi (IICC) / Pragati Maidan, New Delhi, India",city Kolkata,"New Town Convention Centre, Kolkata",https://www.indiaenergyweek.com/,differs in city
Utility,2027-india-energy-week-kolkata,India Energy Week 2027 (IEW 2027),2027,SUBMISSION DEADLINE,UNSUPPORTED,9/30/2026,,,,the page states nothing for this field and edition
Utility,2026-decarb-connect-north-america-houston,Decarb Connect North America 2027,2027,START DATE,DIFFERS,3/23/2027,2027-02-09,"09 - 11 February, 2027",https://decarbconnectnorthamerica.com/,ok
Utility,2026-decarb-connect-north-america-houston,Decarb Connect North America 2027,2027,CONFERENCE DATES,DIFFERS,"March 23 - March 25, 2027",2027-02-09 to 2027-02-11,"09 - 11 February, 2027",https://decarbconnectnorthamerica.com/,ok
Utility,2026-decarb-connect-north-america-houston,Decarb Connect North America 2027,2027,LOCATION,AGREES,"Houston, Texas, USA","city Houston, country United States","Houston, TX",https://decarbconnectnorthamerica.com/,ok
Utility,2026-decarb-connect-north-america-houston,Decarb Connect North America 2027,2027,SUBMISSION DEADLINE,UNSUPPORTED,11/15/2026,,,,the page states nothing for this field and edition
Utility,2027-carbon-capture-technology-expo-north-america-houston,Carbon Capture Technology Expo North America 2027,2027,START DATE,DIFFERS,6/23/2027,2027-02-10,"February 10-11, 2027",https://www.ccus-expo.com/,"ok (3 ranges on the page; this one is labelled 'hydrogen technology expo north america  , 2027 george r brown con' by the page)"
Utility,2027-carbon-capture-technology-expo-north-america-houston,Carbon Capture Technology Expo North America 2027,2027,CONFERENCE DATES,DIFFERS,"June 23 - June 24, 2027",2027-02-10 to 2027-02-11,"February 10-11, 2027",https://www.ccus-expo.com/,ok
Utility,2027-carbon-capture-technology-expo-north-america-houston,Carbon Capture Technology Expo North America 2027,2027,LOCATION,AGREES,"The Woodlands Waterway Marriott Hotel & Convention Center, The Woodlands / Houston, Texas, USA","city Houston, country USA","Houston, Texas, USA",https://www.ccus-expo.com/,ok
Utility,2027-carbon-capture-technology-expo-north-america-houston,Carbon Capture Technology Expo North America 2027,2027,SUBMISSION DEADLINE,UNSUPPORTED,12/15/2026,,,,the page states nothing for this field and edition
Utility,2027-hydrogen-technology-expo-north-america-houston,Hydrogen Technology Expo North America 2027,2027,START DATE,DIFFERS,6/23/2027,2027-02-10,"February 10 - 11 2027 George R Brown Convention Center, Houston, Texas, USA",https://www.hydrogen-expo.com/,ok (3 ranges on the page; this one is labelled 'n capture technology expo north america   2027 george r brown conv' by the page)
Utility,2027-hydrogen-technology-expo-north-america-houston,Hydrogen Technology Expo North America 2027,2027,CONFERENCE DATES,DIFFERS,"June 23 - June 24, 2027",2027-02-10 to 2027-02-11,"February 10 - 11 2027 George R Brown Convention Center, Houston, Texas, USA",https://www.hydrogen-expo.com/,ok
Utility,2027-hydrogen-technology-expo-north-america-houston,Hydrogen Technology Expo North America 2027,2027,LOCATION,AGREES,"The Woodlands Waterway Marriott Hotel & Convention Center, The Woodlands / Houston, Texas, USA","city Houston, country USA","George R Brown Convention Center, Houston, Texas, USA",https://www.hydrogen-expo.com/,ok
Utility,2027-hydrogen-technology-expo-north-america-houston,Hydrogen Technology Expo North America 2027,2027,SUBMISSION DEADLINE,UNSUPPORTED,12/15/2026,,,,the page states nothing for this field and edition
Utility,2026-decarbonization-congress-v-sendorf,Decarbonization Congress 2026 (Resilient & Net-Zero Industry Congress),2026,START DATE,UNSUPPORTED,11/23/2026,,,,the page states nothing for this field and edition
Utility,2026-decarbonization-congress-v-sendorf,Decarbonization Congress 2026 (Resilient & Net-Zero Industry Congress),2026,CONFERENCE DATES,UNSUPPORTED,"November 23 - November 24, 2026",,,,the page states nothing for this field and edition
Utility,2026-decarbonization-congress-v-sendorf,Decarbonization Congress 2026 (Resilient & Net-Zero Industry Congress),2026,LOCATION,UNSUPPORTED,"Berlin, Germany",,,,the page states nothing for this field and edition
Utility,2026-decarbonization-congress-v-sendorf,Decarbonization Congress 2026 (Resilient & Net-Zero Industry Congress),2026,SUBMISSION DEADLINE,UNSUPPORTED,8/15/2026,,,,the page states nothing for this field and edition
Utility,2027-ceraweek-houston,CERAWeek 2027 (by S&P Global),2027,START DATE,UNSUPPORTED,3/8/2027,,,,the page states nothing for this field and edition; the page text never mentions 2027
Utility,2027-ceraweek-houston,CERAWeek 2027 (by S&P Global),2027,CONFERENCE DATES,UNSUPPORTED,"March 8 - March 12, 2027",,,,the page states nothing for this field and edition; the page text never mentions 2027
Utility,2027-ceraweek-houston,CERAWeek 2027 (by S&P Global),2027,LOCATION,UNSUPPORTED,"Hilton Americas-Houston, Houston, Texas, USA",,,,the page states nothing for this field and edition; the page text never mentions 2027
Utility,2027-ceraweek-houston,CERAWeek 2027 (by S&P Global),2027,SUBMISSION DEADLINE,UNSUPPORTED,11/15/2026,,,,the page states nothing for this field and edition; the page text never mentions 2027
Utility,2026-future-fuels-mena-summit-dubai,Future Fuels MENA Summit 2026,2026,START DATE,NO_VALUE,,,,,the page states nothing for this field and edition; the page text never mentions 2026
Utility,2026-future-fuels-mena-summit-dubai,Future Fuels MENA Summit 2026,2026,CONFERENCE DATES,NO_VALUE,,,,,the page states nothing for this field and edition; the page text never mentions 2026
Utility,2026-future-fuels-mena-summit-dubai,Future Fuels MENA Summit 2026,2026,LOCATION,UNSUPPORTED,"Dubai, United Arab Emirates",,,,the page states nothing for this field and edition; the page text never mentions 2026
Utility,2026-future-fuels-mena-summit-dubai,Future Fuels MENA Summit 2026,2026,SUBMISSION DEADLINE,UNSUPPORTED,8/31/2026,,,,the page states nothing for this field and edition; the page text never mentions 2026
Utility,2026-decarb-connect-uk-london,Decarb Connect UK 2026,2026,START DATE,UNSUPPORTED,11/10/2026,,,,the page states nothing for this field and edition
Utility,2026-decarb-connect-uk-london,Decarb Connect UK 2026,2026,CONFERENCE DATES,UNSUPPORTED,"November 10 - November 11, 2026",,,,the page states nothing for this field and edition
Utility,2026-decarb-connect-uk-london,Decarb Connect UK 2026,2026,LOCATION,UNSUPPORTED,"London, United Kingdom",,,,the page states nothing for this field and edition
Utility,2026-decarb-connect-uk-london,Decarb Connect UK 2026,2026,SUBMISSION DEADLINE,UNSUPPORTED,8/15/2026,,,,the page states nothing for this field and edition
Utility,2027-sustainable-fuels-global-summit-rotterdam,Sustainable Fuels Global Summit 2027,2027,START DATE,AGREES,4/13/2027,2027-04-13,13–14 April 2027,https://www.sustainablefuelsglobal.com/,ok
Utility,2027-sustainable-fuels-global-summit-rotterdam,Sustainable Fuels Global Summit 2027,2027,CONFERENCE DATES,AGREES,"April 13 - April 14, 2027",2027-04-13 to 2027-04-14,13–14 April 2027,https://www.sustainablefuelsglobal.com/,ok
Utility,2027-sustainable-fuels-global-summit-rotterdam,Sustainable Fuels Global Summit 2027,2027,LOCATION,UNSUPPORTED,"Rotterdam, Netherlands",city Rotterdam,Rotterdam,https://www.sustainablefuelsglobal.com/,only the city is proven (it agrees); the other part is not
Utility,2027-sustainable-fuels-global-summit-rotterdam,Sustainable Fuels Global Summit 2027,2027,SUBMISSION DEADLINE,UNSUPPORTED,10/30/2026,,,,the page states nothing for this field and edition
Utility,2027-carbon-capture-europe-summit-rotterdam,Carbon Capture Europe Summit 2027,2027,START DATE,DIFFERS,1/26/2027,2027-04-13,13-14 April 2027,https://www.carboncaptureeuropesummit.com/,ok
Utility,2027-carbon-capture-europe-summit-rotterdam,Carbon Capture Europe Summit 2027,2027,CONFERENCE DATES,DIFFERS,"January 26 - January 27, 2027",2027-04-13 to 2027-04-14,13-14 April 2027,https://www.carboncaptureeuropesummit.com/,ok
Utility,2027-carbon-capture-europe-summit-rotterdam,Carbon Capture Europe Summit 2027,2027,LOCATION,UNSUPPORTED,"Rotterdam, Netherlands",city Rotterdam,WTC Rotterdam,https://www.carboncaptureeuropesummit.com/,only the city is proven (it agrees); the other part is not
Utility,2027-carbon-capture-europe-summit-rotterdam,Carbon Capture Europe Summit 2027,2027,SUBMISSION DEADLINE,UNSUPPORTED,10/15/2026,,,,the page states nothing for this field and edition
Utility,2027-canadian-hydrogen-convention-edmonton,Canadian Hydrogen Convention 2027,2027,START DATE,AGREES,4/20/2027,2027-04-20,"2027 Expo & Conference: April 20-21, 2027 | Site Tours: April 22, 2027",https://www.hydrogenexpo.com/,"ok (2 ranges on the page; this one is labelled 'ibition inquiry 2027 expo & conference:  , 2027' by the page)"
Utility,2027-canadian-hydrogen-convention-edmonton,Canadian Hydrogen Convention 2027,2027,CONFERENCE DATES,DIFFERS,"April 20 - April 22, 2027",2027-04-20 to 2027-04-21,"2027 Expo & Conference: April 20-21, 2027 | Site Tours: April 22, 2027",https://www.hydrogenexpo.com/,ok
Utility,2027-canadian-hydrogen-convention-edmonton,Canadian Hydrogen Convention 2027,2027,LOCATION,AGREES,"Edmonton EXPO Centre, Edmonton, Alberta, Canada","city Edmonton, country Canada","Edmonton Convention Centre - Edmonton, Canada",https://www.hydrogenexpo.com/,ok
Utility,2027-canadian-hydrogen-convention-edmonton,Canadian Hydrogen Convention 2027,2027,SUBMISSION DEADLINE,UNSUPPORTED,11/30/2026,,,,the page states nothing for this field and edition
Utility,2027-innovation-zero-london,Innovation Zero 2027 (The UK's Clean Tech Congress),2027,START DATE,DIFFERS,4/28/2027,2027-04-27,Tuesday 27 April 2027 (8:45 to 17:30),https://www.innovationzero.com/,ok
Utility,2027-innovation-zero-london,Innovation Zero 2027 (The UK's Clean Tech Congress),2027,CONFERENCE DATES,DIFFERS,"April 28 - April 29, 2027",2027-04-27 to 2027-04-28,Tuesday 27 April 2027 (8:45 to 17:30) || Wednesday 28 April 2027 (8:45 to 17:15),https://www.innovationzero.com/,ok
Utility,2027-innovation-zero-london,Innovation Zero 2027 (The UK's Clean Tech Congress),2027,LOCATION,UNSUPPORTED,"Olympia London, London, United Kingdom",city London,Olympia London W14 8UX,https://www.innovationzero.com/,only the city is proven (it agrees); the other part is not
Utility,2027-innovation-zero-london,Innovation Zero 2027 (The UK's Clean Tech Congress),2027,SUBMISSION DEADLINE,UNSUPPORTED,11/20/2026,,,,the page states nothing for this field and edition
Utility,2026-act-expo-las-vegas,ACT Expo 2027 (Advanced Clean Transportation Expo),2027,START DATE,DIFFERS,5/3/2027,2027-05-17,"CONFERENCE: MAY 17 - 20, 2027",https://www.actexpo.com/,ok
Utility,2026-act-expo-las-vegas,ACT Expo 2027 (Advanced Clean Transportation Expo),2027,CONFERENCE DATES,DIFFERS,"May 3 - May 6, 2027",2027-05-17 to 2027-05-20,"CONFERENCE: MAY 17 - 20, 2027",https://www.actexpo.com/,ok
Utility,2026-act-expo-las-vegas,ACT Expo 2027 (Advanced Clean Transportation Expo),2027,LOCATION,UNSUPPORTED,"Las Vegas Convention Center (LVCC), Las Vegas, Nevada, USA",city Las Vegas,Las Vegas,https://www.actexpo.com/,only the city is proven (it agrees); the other part is not
Utility,2026-act-expo-las-vegas,ACT Expo 2027 (Advanced Clean Transportation Expo),2027,SUBMISSION DEADLINE,UNSUPPORTED,11/1/2026,,,,the page states nothing for this field and edition
Utility,2027-world-hydrogen-summit-exhibition-rotterdam,World Hydrogen 2027 Summit & Exhibition,2027,START DATE,DIFFERS,5/11/2027,2027-05-18,World Hydrogen Summit 18 May 2027 Rotterdam Ahoy,https://www.world-hydrogen-summit.com/,ok
Utility,2027-world-hydrogen-summit-exhibition-rotterdam,World Hydrogen 2027 Summit & Exhibition,2027,CONFERENCE DATES,DIFFERS,"May 11 - May 13, 2027",2027-05-18 to ?,World Hydrogen Summit 18 May 2027 Rotterdam Ahoy,https://www.world-hydrogen-summit.com/,first day differs; last day not proven
Utility,2027-world-hydrogen-summit-exhibition-rotterdam,World Hydrogen 2027 Summit & Exhibition,2027,LOCATION,UNSUPPORTED,"Rotterdam Ahoy, Rotterdam, Netherlands",city Rotterdam,Rotterdam Ahoy,https://www.world-hydrogen-summit.com/,only the city is proven (it agrees); the other part is not
Utility,2027-world-hydrogen-summit-exhibition-rotterdam,World Hydrogen 2027 Summit & Exhibition,2027,SUBMISSION DEADLINE,UNSUPPORTED,11/30/2026,,,,the page states nothing for this field and edition
Utility,2027-global-energy-show-canada-calgary,Global Energy Show Canada 2027,2027,START DATE,AGREES,6/8/2027,2027-06-08,"June 8-10, 2027 | BMO Centre, Calgary, Canada",https://www.globalenergyshow.com/,ok
Utility,2027-global-energy-show-canada-calgary,Global Energy Show Canada 2027,2027,CONFERENCE DATES,AGREES,"June 8 - June 10, 2027",2027-06-08 to 2027-06-10,"June 8-10, 2027 | BMO Centre, Calgary, Canada",https://www.globalenergyshow.com/,ok
Utility,2027-global-energy-show-canada-calgary,Global Energy Show Canada 2027,2027,LOCATION,AGREES,"BMO Centre at Stampede Park, Calgary, Alberta, Canada","city Calgary, country Canada",Calgary || Canada,https://www.globalenergyshow.com/,ok
Utility,2027-global-energy-show-canada-calgary,Global Energy Show Canada 2027,2027,SUBMISSION DEADLINE,UNSUPPORTED,12/1/2026,,,,the page states nothing for this field and edition
Utility,2026-hydrogen-technology-expo-mena-abu-dhabi,Hydrogen Technology Expo MENA 2026,2026,START DATE,UNSUPPORTED,11/10/2026,,,,the page states nothing for this field and edition
Utility,2026-hydrogen-technology-expo-mena-abu-dhabi,Hydrogen Technology Expo MENA 2026,2026,CONFERENCE DATES,UNSUPPORTED,"November 10 - November 11, 2026",,,,the page states nothing for this field and edition
Utility,2026-hydrogen-technology-expo-mena-abu-dhabi,Hydrogen Technology Expo MENA 2026,2026,LOCATION,UNSUPPORTED,"ADNEC (Abu Dhabi National Exhibition Centre), Abu Dhabi, United Arab Emirates",,,,the page states nothing for this field and edition
Utility,2026-hydrogen-technology-expo-mena-abu-dhabi,Hydrogen Technology Expo MENA 2026,2026,SUBMISSION DEADLINE,UNSUPPORTED,7/15/2026,,,,the page states nothing for this field and edition
Utility,2026-carbon-capture-technology-expo-mena-abu-dhabi,Carbon Capture Technology Expo MENA 2026,2026,START DATE,NO_VALUE,,,,,the page states nothing for this field and edition
Utility,2026-carbon-capture-technology-expo-mena-abu-dhabi,Carbon Capture Technology Expo MENA 2026,2026,CONFERENCE DATES,NO_VALUE,,,,,the page states nothing for this field and edition
Utility,2026-carbon-capture-technology-expo-mena-abu-dhabi,Carbon Capture Technology Expo MENA 2026,2026,LOCATION,UNSUPPORTED,"ADNEC (Abu Dhabi National Exhibition Centre), Abu Dhabi, United Arab Emirates",,,,the page states nothing for this field and edition
Utility,2026-carbon-capture-technology-expo-mena-abu-dhabi,Carbon Capture Technology Expo MENA 2026,2026,SUBMISSION DEADLINE,UNSUPPORTED,7/15/2026,,,,the page states nothing for this field and edition
Utility,2026-world-hydrogen-energy-conference-singapore,World Hydrogen Energy Conference 2026 (WHEC 2026 - 24th Edition),2026,START DATE,UNSUPPORTED,6/28/2026,,,,the page shows 2 date ranges and nothing labels this one as the conference
Utility,2026-world-hydrogen-energy-conference-singapore,World Hydrogen Energy Conference 2026 (WHEC 2026 - 24th Edition),2026,CONFERENCE DATES,UNSUPPORTED,"June 28 - July 2, 2026",,,,"the page shows 2 date ranges and nothing labels this one as the conference; first day not proven, last day proven"
Utility,2026-world-hydrogen-energy-conference-singapore,World Hydrogen Energy Conference 2026 (WHEC 2026 - 24th Edition),2026,LOCATION,AGREES,"Marina Bay Sands, Singapore","city Singapore, country Singapore",in Singapore,https://whec2026.org/,ok
Utility,2026-world-hydrogen-energy-conference-singapore,World Hydrogen Energy Conference 2026 (WHEC 2026 - 24th Edition),2026,SUBMISSION DEADLINE,UNSUPPORTED,1/31/2026,,,,the page states nothing for this field and edition
Utility,2027-hydrogen-technology-world-expo-hamburg,Hydrogen Technology World Expo 2027,2027,START DATE,UNSUPPORTED,10/20/2027,,,,the page states nothing for this field and edition
Utility,2027-hydrogen-technology-world-expo-hamburg,Hydrogen Technology World Expo 2027,2027,CONFERENCE DATES,UNSUPPORTED,"October 20 - October 21, 2027",,,,the page states nothing for this field and edition
Utility,2027-hydrogen-technology-world-expo-hamburg,Hydrogen Technology World Expo 2027,2027,LOCATION,UNSUPPORTED,"Hamburg Messe, Hamburg, Germany",,,,the page states nothing for this field and edition
Utility,2027-hydrogen-technology-world-expo-hamburg,Hydrogen Technology World Expo 2027,2027,SUBMISSION DEADLINE,UNSUPPORTED,5/15/2027,,,,the page states nothing for this field and edition
Utility,2027-world-sustainable-energy-days-wsed-wels-speaking,World Sustainable Energy Days 2027,2027,START DATE,UNSUPPORTED,3/2/2027,,,,the page shows 3 date ranges and nothing labels this one as the conference
Utility,2027-world-sustainable-energy-days-wsed-wels-speaking,World Sustainable Energy Days 2027,2027,CONFERENCE DATES,UNSUPPORTED,"March 2-5, 2027",,,,"the page shows 3 date ranges and nothing labels this one as the conference; first day not proven, last day proven"
Utility,2027-world-sustainable-energy-days-wsed-wels-speaking,World Sustainable Energy Days 2027,2027,LOCATION,AGREES,"Wels, Austria","city Wels, country Austria","World Sustainable Energy Days 2027 2 - 5 March 2027 in Wels || With the World Sustainable Energy Days, Upper Austria – a leader in the energy transition – is the meeting place for sustainable energy.",https://www.wsed.at/,ok
Utility,2027-world-sustainable-energy-days-wsed-wels-speaking,World Sustainable Energy Days 2027,2027,SUBMISSION DEADLINE,NO_VALUE,,,,,the page states nothing for this field and edition
Utility,2027-acs-green-chemistry-engineering-conference-reston-speaking,31st Annual Green Chemistry & Engineering Conference (GC&E),2027,START DATE,AGREES,6/7/2027,2027-06-07,"June 7–10, 2027. Minneapolis, MN",https://www.gcande.org/,ok
Utility,2027-acs-green-chemistry-engineering-conference-reston-speaking,31st Annual Green Chemistry & Engineering Conference (GC&E),2027,CONFERENCE DATES,AGREES,"June 7-10, 2027",2027-06-07 to 2027-06-10,"June 7–10, 2027. Minneapolis, MN",https://www.gcande.org/,ok
Utility,2027-acs-green-chemistry-engineering-conference-reston-speaking,31st Annual Green Chemistry & Engineering Conference (GC&E),2027,LOCATION,AGREES,"Minneapolis, MN, USA","city Minneapolis, country United States","Minneapolis, MN || The 31st Annual Green Chemistry & Engineering Conference will be held in Minneapolis, MN, the week of June 7th, 2027.",https://www.gcande.org/,ok
Utility,2027-acs-green-chemistry-engineering-conference-reston-speaking,31st Annual Green Chemistry & Engineering Conference (GC&E),2027,SUBMISSION DEADLINE,FILLS,,2026-10-13,"Call for Symposia: Deadline October 13, 2026",https://www.gcande.org/,ok
Utility,2027-fuel-ethanol-workshop-sustainable-fuels-summit-omaha-speaking,Fuel Ethanol Workshop and Expo & Sustainable Fuels Summit,2027,START DATE,AGREES,6/14/2027,2027-06-14,"June 14-16, 2027 ~ Omaha, NE",https://few.bbiconferences.com/ema/DisplayPage.aspx?pageId=Sustainable_Fuels_Summit__SAF__Renewable_Diesel__Biodiesel,ok
Utility,2027-fuel-ethanol-workshop-sustainable-fuels-summit-omaha-speaking,Fuel Ethanol Workshop and Expo & Sustainable Fuels Summit,2027,CONFERENCE DATES,AGREES,"June 14-16, 2027",2027-06-14 to 2027-06-16,"June 14-16, 2027 ~ Omaha, NE",https://few.bbiconferences.com/ema/DisplayPage.aspx?pageId=Sustainable_Fuels_Summit__SAF__Renewable_Diesel__Biodiesel,ok
Utility,2027-fuel-ethanol-workshop-sustainable-fuels-summit-omaha-speaking,Fuel Ethanol Workshop and Expo & Sustainable Fuels Summit,2027,LOCATION,AGREES,"Omaha, NE, USA","city Omaha, country United States","Omaha, NE || June 14-16, 2027 ~ Omaha, NE",https://few.bbiconferences.com/ema/DisplayPage.aspx?pageId=Sustainable_Fuels_Summit__SAF__Renewable_Diesel__Biodiesel,ok
Utility,2027-fuel-ethanol-workshop-sustainable-fuels-summit-omaha-speaking,Fuel Ethanol Workshop and Expo & Sustainable Fuels Summit,2027,SUBMISSION DEADLINE,FILLS,,2027-02-12,"Presentation abstracts will be accepted for the 2027 Sustainable Fuels Summit: SAF, Renewable Diesel, Biodiesel through February 12, 2027 .",https://few.bbiconferences.com/ema/DisplayPage.aspx?pageId=Sustainable_Fuels_Summit__SAF__Renewable_Diesel__Biodiesel,ok
Utility,2027-carbon-capture-technology-expo-mena-abu-dhabi-speaking,Carbon Capture Technology Expo MENA 2027,2027,START DATE,UNSUPPORTED,6/8/2027,,,,the page states nothing for this field and edition
Utility,2027-carbon-capture-technology-expo-mena-abu-dhabi-speaking,Carbon Capture Technology Expo MENA 2027,2027,CONFERENCE DATES,UNSUPPORTED,"June 8-9, 2027",,,,"the page states nothing for this field and edition; first day not proven, last day proven"
Utility,2027-carbon-capture-technology-expo-mena-abu-dhabi-speaking,Carbon Capture Technology Expo MENA 2027,2027,LOCATION,UNSUPPORTED,"ADNEC Centre, Abu Dhabi, UAE",city Abu Dhabi,"ADNEC Centre, Abu Dhabi",https://www.hydrogenccs-menaexpo.com/,only the city is proven (it agrees); the other part is not
Utility,2027-carbon-capture-technology-expo-mena-abu-dhabi-speaking,Carbon Capture Technology Expo MENA 2027,2027,SUBMISSION DEADLINE,NO_VALUE,,,,,the page states nothing for this field and edition
Utility,2027-decarbonization-congress-berlin-speaking,Decarbonization Congress 2027,2027,START DATE,AGREES,2/15/2027,2027-02-15,"15-16 February 2027 Berlin, Germany",https://decarboncongress.com/,ok
Utility,2027-decarbonization-congress-berlin-speaking,Decarbonization Congress 2027,2027,CONFERENCE DATES,AGREES,"February 15-16, 2027",2027-02-15 to 2027-02-16,"15-16 February 2027 Berlin, Germany",https://decarboncongress.com/,ok
Utility,2027-decarbonization-congress-berlin-speaking,Decarbonization Congress 2027,2027,LOCATION,AGREES,"Berlin, Germany","city Berlin, country Germany","15-16 February 2027 Berlin, Germany",https://decarboncongress.com/,ok
Utility,2027-decarbonization-congress-berlin-speaking,Decarbonization Congress 2027,2027,SUBMISSION DEADLINE,NO_VALUE,,,,,the page states nothing for this field and edition
Utility,2026-lng-americas-energy-summit-lake-charles-speaking,LNG Americas Energy Summit,2026,START DATE,AGREES,10/13/2026,2026-10-13,"October 13-15, 2026 | Event Center Lake Charles, Lake Charles, USA",https://www.americaslngsummit.com/,"ok (2 ranges on the page; this one is labelled 'americas lng summit & exhibition  , 2026' by the page)"
Utility,2026-lng-americas-energy-summit-lake-charles-speaking,LNG Americas Energy Summit,2026,CONFERENCE DATES,FILLS,,2026-10-13 to 2026-10-15,"October 13-15, 2026 | Event Center Lake Charles, Lake Charles, USA",https://www.americaslngsummit.com/,ok
Utility,2026-lng-americas-energy-summit-lake-charles-speaking,LNG Americas Energy Summit,2026,LOCATION,DIFFERS,"Lake Charles, LA","city Lake Charles, country USA","October 13-15, 2026 | Event Center Lake Charles, Lake Charles, USA",https://www.americaslngsummit.com/,differs in country
Utility,2026-lng-americas-energy-summit-lake-charles-speaking,LNG Americas Energy Summit,2026,SUBMISSION DEADLINE,NO_VALUE,,,,,the page states nothing for this field and edition
Utility,2026-global-syngas-technologies-conference-colorado-springs-speaking,Global Syngas Technologies Conferences (GSTC),2026,START DATE,AGREES,10/18/2026,2026-10-18,"October 18-21, 2026",https://globalsyngas.org/annual-conference/,ok
Utility,2026-global-syngas-technologies-conference-colorado-springs-speaking,Global Syngas Technologies Conferences (GSTC),2026,CONFERENCE DATES,FILLS,,2026-10-18 to 2026-10-21,"October 18-21, 2026",https://globalsyngas.org/annual-conference/,ok
Utility,2026-global-syngas-technologies-conference-colorado-springs-speaking,Global Syngas Technologies Conferences (GSTC),2026,LOCATION,UNSUPPORTED,"Boston, MA",city Boston,Boston,https://globalsyngas.org/annual-conference/,only the city is proven (it agrees); the other part is not
Utility,2026-global-syngas-technologies-conference-colorado-springs-speaking,Global Syngas Technologies Conferences (GSTC),2026,SUBMISSION DEADLINE,NO_VALUE,,,,,the page states nothing for this field and edition
Utility,2026-european-hydrogen-week-brussels-speaking,European Hydrogen Week,2026,START DATE,AGREES,10/26/2026,2026-10-26,Save the Date: 26-30 October 2026,https://euhydrogenweek.eu/,ok
Utility,2026-european-hydrogen-week-brussels-speaking,European Hydrogen Week,2026,CONFERENCE DATES,FILLS,,2026-10-26 to 2026-10-30,Save the Date: 26-30 October 2026,https://euhydrogenweek.eu/,ok
Utility,2026-european-hydrogen-week-brussels-speaking,European Hydrogen Week,2026,LOCATION,UNSUPPORTED,"Brussels Expo, Place de Belgique 1, 1020 Brussels, Belgium",,,,the page states nothing for this field and edition
Utility,2026-european-hydrogen-week-brussels-speaking,European Hydrogen Week,2026,SUBMISSION DEADLINE,NO_VALUE,,,,,the page states nothing for this field and edition
Utility,2026-aist-environmental-solutions-air-conference-indianapolis-speaking,AIST Environmental Solutions Air Conference,2026,START DATE,AGREES,10/27/2026,2026-10-27,27–29 October 2026,https://imis.aist.org/Shared_Content/Events/EventENVIRO26.aspx?EventKey=ENVIRO26,ok
Utility,2026-aist-environmental-solutions-air-conference-indianapolis-speaking,AIST Environmental Solutions Air Conference,2026,CONFERENCE DATES,FILLS,,2026-10-27 to 2026-10-29,27–29 October 2026,https://imis.aist.org/Shared_Content/Events/EventENVIRO26.aspx?EventKey=ENVIRO26,ok
Utility,2026-aist-environmental-solutions-air-conference-indianapolis-speaking,AIST Environmental Solutions Air Conference,2026,LOCATION,AGREES,"Embassy Suites Los Angeles Glendale, Glendale, CA, USA","city Glendale, country USA","Glendale, CA, USA",https://imis.aist.org/Shared_Content/Events/EventENVIRO26.aspx?EventKey=ENVIRO26,ok
Utility,2026-aist-environmental-solutions-air-conference-indianapolis-speaking,AIST Environmental Solutions Air Conference,2026,SUBMISSION DEADLINE,NO_VALUE,,,,,the page states nothing for this field and edition
Utility,2026-alternative-fuels-chemicals-coalition-washington-speaking,Alternative Fuels & Chemicals Coalition,2026,START DATE,AGREES,11/1/2026,2026-11-01,"Below are links to all of the information and events at the 6th Annual AFCC Global Biobased Economy Conference and Exhibition being held in Washington, DC, from November 1-3, 2026.",https://www.altfuelchem.org/afcc-event-detail,ok
Utility,2026-alternative-fuels-chemicals-coalition-washington-speaking,Alternative Fuels & Chemicals Coalition,2026,CONFERENCE DATES,FILLS,,2026-11-01 to 2026-11-03,"Below are links to all of the information and events at the 6th Annual AFCC Global Biobased Economy Conference and Exhibition being held in Washington, DC, from November 1-3, 2026.",https://www.altfuelchem.org/afcc-event-detail,ok
Utility,2026-alternative-fuels-chemicals-coalition-washington-speaking,Alternative Fuels & Chemicals Coalition,2026,LOCATION,UNSUPPORTED,"Gaylord National Resort & Convention Center, Washington, DC",city Washington,"The 2026 Alternative Fuels and Chemicals Coalition Conference is being held at the Gaylord National Resort & Convention Center in Washington, DC.",https://www.altfuelchem.org/afcc-event-detail,only the city is proven (it agrees); the other part is not
Utility,2026-alternative-fuels-chemicals-coalition-washington-speaking,Alternative Fuels & Chemicals Coalition,2026,SUBMISSION DEADLINE,NO_VALUE,,,,,the page states nothing for this field and edition
Utility,2026-global-energy-transition-congress-milan-speaking,Global Energy Transition Congress,2026,START DATE,UNSUPPORTED,11/2/2026,,,,the page states nothing for this field and edition
Utility,2026-global-energy-transition-congress-milan-speaking,Global Energy Transition Congress,2026,CONFERENCE DATES,NO_VALUE,,,,,"the page states nothing for this field and edition; first day not proven, last day proven"
Utility,2026-global-energy-transition-congress-milan-speaking,Global Energy Transition Congress,2026,LOCATION,AGREES,"Hannover, Germany","city Hannover, country Germany","HANNOVER, GERMANY",https://eageget.org/,ok
Utility,2026-global-energy-transition-congress-milan-speaking,Global Energy Transition Congress,2026,SUBMISSION DEADLINE,NO_VALUE,,,,,the page states nothing for this field and edition
Utility,2026-sustainable-aviation-futures-apac-singapore-speaking,Sustainable Aviation Futures (APAC),2026,START DATE,UNSUPPORTED,11/23/2026,,,,"the quote does not state that day, month and year"
Utility,2026-sustainable-aviation-futures-apac-singapore-speaking,Sustainable Aviation Futures (APAC),2026,CONFERENCE DATES,NO_VALUE,,,,,"the quote does not state that day, month and year; first day not proven, last day proven"
Utility,2026-sustainable-aviation-futures-apac-singapore-speaking,Sustainable Aviation Futures (APAC),2026,LOCATION,AGREES,"Marina Bay Sands, Singapore","city Singapore, country Singapore","Marina Bay Sands, Singapore || Singapore",https://www.safcongressapac.com/,ok
Utility,2026-sustainable-aviation-futures-apac-singapore-speaking,Sustainable Aviation Futures (APAC),2026,SUBMISSION DEADLINE,NO_VALUE,,,,,the page states nothing for this field and edition
Utility,2027-sustainable-aviation-futures-mena-dubai-speaking,Sustainable Aviation Futures (MENA),2027,START DATE,AGREES,2/1/2027,2027-02-01,1–3 February 2027,https://www.safcongressmena.com/,ok
Utility,2027-sustainable-aviation-futures-mena-dubai-speaking,Sustainable Aviation Futures (MENA),2027,CONFERENCE DATES,FILLS,,2027-02-01 to 2027-02-03,1–3 February 2027,https://www.safcongressmena.com/,ok
Utility,2027-sustainable-aviation-futures-mena-dubai-speaking,Sustainable Aviation Futures (MENA),2027,LOCATION,UNSUPPORTED,"Dubai, UAE",city Dubai,"Dubai, 1–3 February 2027",https://www.safcongressmena.com/,only the city is proven (it agrees); the other part is not
Utility,2027-sustainable-aviation-futures-mena-dubai-speaking,Sustainable Aviation Futures (MENA),2027,SUBMISSION DEADLINE,NO_VALUE,,,,,the page states nothing for this field and edition
Utility,2027-smart-energy-week-tokyo-speaking,Smart Energy Week,2027,START DATE,UNSUPPORTED,3/24/2027,,,,the page states nothing for this field and edition
Utility,2027-smart-energy-week-tokyo-speaking,Smart Energy Week,2027,CONFERENCE DATES,NO_VALUE,,,,,the page states nothing for this field and edition
Utility,2027-smart-energy-week-tokyo-speaking,Smart Energy Week,2027,LOCATION,UNSUPPORTED,"Tokyo Big Sight, Japan",,,,the page states nothing for this field and edition
Utility,2027-smart-energy-week-tokyo-speaking,Smart Energy Week,2027,SUBMISSION DEADLINE,NO_VALUE,,,,,the page states nothing for this field and edition
Utility,2027-sustainable-aviation-futures-congress-amsterdam-speaking,Sustainable Aviation Futures Congress,2027,START DATE,AGREES,5/24/2027,2027-05-24,24 – 26 May 2027,https://www.safcongress.com/,ok
Utility,2027-sustainable-aviation-futures-congress-amsterdam-speaking,Sustainable Aviation Futures Congress,2027,CONFERENCE DATES,FILLS,,2027-05-24 to 2027-05-26,24 – 26 May 2027,https://www.safcongress.com/,ok
Utility,2027-sustainable-aviation-futures-congress-amsterdam-speaking,Sustainable Aviation Futures Congress,2027,LOCATION,UNSUPPORTED,"Beurs van Berlage, Amsterdam",city Amsterdam,Amsterdam 24 – 26 May 2027,https://www.safcongress.com/,only the city is proven (it agrees); the other part is not
Utility,2027-sustainable-aviation-futures-congress-amsterdam-speaking,Sustainable Aviation Futures Congress,2027,SUBMISSION DEADLINE,NO_VALUE,,,,,the page states nothing for this field and edition
Utility,2027-biofuels-international-conference-expo-brussels-speaking,Biofuels Internatinal Conference & Expo,2027,START DATE,AGREES,6/15/2027,2027-06-15,15-16 June 2027,https://biofuels-news.com/conference/,ok
Utility,2027-biofuels-international-conference-expo-brussels-speaking,Biofuels Internatinal Conference & Expo,2027,CONFERENCE DATES,FILLS,,2027-06-15 to 2027-06-16,15-16 June 2027,https://biofuels-news.com/conference/,ok
Utility,2027-biofuels-international-conference-expo-brussels-speaking,Biofuels Internatinal Conference & Expo,2027,LOCATION,AGREES,"Hotel Le Plaza, Brussels, Belgium","city Brussels, country Belgium","Brussels, Belgium",https://biofuels-news.com/conference/,ok
Utility,2027-biofuels-international-conference-expo-brussels-speaking,Biofuels Internatinal Conference & Expo,2027,SUBMISSION DEADLINE,NO_VALUE,,,,,the page states nothing for this field and edition
Utility,2027-carbon-capture-global-summit-london-speaking,Carbon Capture Global Summit,2027,START DATE,AGREES,9/7/2027,2027-09-07,"7-8 September 2027 | Church House Westminster, London",https://www.carboncaptureglobalsummit.com/,ok
Utility,2027-carbon-capture-global-summit-london-speaking,Carbon Capture Global Summit,2027,CONFERENCE DATES,FILLS,,2027-09-07 to 2027-09-08,"7-8 September 2027 | Church House Westminster, London",https://www.carboncaptureglobalsummit.com/,ok
Utility,2027-carbon-capture-global-summit-london-speaking,Carbon Capture Global Summit,2027,LOCATION,DIFFERS,Rotterdam,city London,"7-8 September 2027 | Church House Westminster, London",https://www.carboncaptureglobalsummit.com/,differs in city
Utility,2027-carbon-capture-global-summit-london-speaking,Carbon Capture Global Summit,2027,SUBMISSION DEADLINE,NO_VALUE,,,,,the page states nothing for this field and edition
Utility,2027-aist-material-science-technology-pittsburgh-speaking,AIST Material Science and Technology (MS&T),2027,START DATE,AGREES,10/24/2027,2027-10-24,"October 24–27, 2027 | David L. Lawrence Convention Center | Pittsburgh, Pennsylvania, USA",https://www.matscitech.org/MST27,ok
Utility,2027-aist-material-science-technology-pittsburgh-speaking,AIST Material Science and Technology (MS&T),2027,CONFERENCE DATES,FILLS,,2027-10-24 to 2027-10-27,"October 24–27, 2027 | David L. Lawrence Convention Center | Pittsburgh, Pennsylvania, USA",https://www.matscitech.org/MST27,ok
Utility,2027-aist-material-science-technology-pittsburgh-speaking,AIST Material Science and Technology (MS&T),2027,LOCATION,AGREES,"David L. Lawrence Convention Center, Pittsburgh, Pennsylvania, USA","city Pittsburgh, country USA","October 24–27, 2027 | David L. Lawrence Convention Center | Pittsburgh, Pennsylvania, USA",https://www.matscitech.org/MST27,ok
Utility,2027-aist-material-science-technology-pittsburgh-speaking,AIST Material Science and Technology (MS&T),2027,SUBMISSION DEADLINE,FILLS,,2027-05-01,"Abstracts Due May 1, 2027",https://www.matscitech.org/MST27,ok
Utility,2027-afpm-summit-san-antonio-speaking,American Fuel & Petrochemical Manufacturers (AFPM) Summit,2027,START DATE,NO_VALUE,,,,,"the page states nothing for this field and edition; the page text never mentions 2027 (it shows 2025, 2026)"
Utility,2027-afpm-summit-san-antonio-speaking,American Fuel & Petrochemical Manufacturers (AFPM) Summit,2027,CONFERENCE DATES,NO_VALUE,,,,,"the page states nothing for this field and edition; the page text never mentions 2027 (it shows 2025, 2026)"
Utility,2027-afpm-summit-san-antonio-speaking,American Fuel & Petrochemical Manufacturers (AFPM) Summit,2027,LOCATION,UNSUPPORTED,"Gaylord Texan Resort & Convention Center, Grapevine, TX",,,,"the page states nothing for this field and edition; the page text never mentions 2027 (it shows 2025, 2026)"
Utility,2027-afpm-summit-san-antonio-speaking,American Fuel & Petrochemical Manufacturers (AFPM) Summit,2027,SUBMISSION DEADLINE,NO_VALUE,,,,,"the page states nothing for this field and edition; the page text never mentions 2027 (it shows 2025, 2026)"
Utility,2028-world-of-concrete-las-vegas-speaking,World of Concrete 2028,2028,START DATE,UNSUPPORTED,1/25/2028,,,,"the quote does not state that day, month and year"
Utility,2028-world-of-concrete-las-vegas-speaking,World of Concrete 2028,2028,CONFERENCE DATES,NO_VALUE,,,,,"the quote does not state that day, month and year"
Utility,2028-world-of-concrete-las-vegas-speaking,World of Concrete 2028,2028,LOCATION,UNSUPPORTED,"Las Vegas, NV, USA",,,,the page states nothing for this field and edition
Utility,2028-world-of-concrete-las-vegas-speaking,World of Concrete 2028,2028,SUBMISSION DEADLINE,NO_VALUE,,,,,the page states nothing for this field and edition
Utility,2026-industrial-net-zero-conference-sydney-speaking,Industrial Net Zero Conference 2026,2026,START DATE,AGREES,10/13/2026,2026-10-13,13 - 14 October 2026 Greenhouse | Sydney,https://www.industrialnetzeroconference.com.au/,ok
Utility,2026-industrial-net-zero-conference-sydney-speaking,Industrial Net Zero Conference 2026,2026,CONFERENCE DATES,FILLS,,2026-10-13 to 2026-10-14,13 - 14 October 2026 Greenhouse | Sydney,https://www.industrialnetzeroconference.com.au/,ok
Utility,2026-industrial-net-zero-conference-sydney-speaking,Industrial Net Zero Conference 2026,2026,LOCATION,UNSUPPORTED,"Sydney, Australia",city Sydney,Greenhouse | Sydney,https://www.industrialnetzeroconference.com.au/,only the city is proven (it agrees); the other part is not
Utility,2026-industrial-net-zero-conference-sydney-speaking,Industrial Net Zero Conference 2026,2026,SUBMISSION DEADLINE,NO_VALUE,,,,,the page states nothing for this field and edition
Utility,2027-hydrogen-technology-expo-mena-abu-dhabi-speaking,Hydrogen Technology Expo MENA 2027,2027,START DATE,AGREES,6/8/2027,2027-06-08,Tuesday 8th June 2027,https://www.hydrogenccs-menaexpo.com/welcome-hydrogen,ok
Utility,2027-hydrogen-technology-expo-mena-abu-dhabi-speaking,Hydrogen Technology Expo MENA 2027,2027,CONFERENCE DATES,FILLS,,2027-06-08 to 2027-06-09,Tuesday 8th June 2027 || Wednesday 9th June 2027,https://www.hydrogenccs-menaexpo.com/welcome-hydrogen,ok
Utility,2027-hydrogen-technology-expo-mena-abu-dhabi-speaking,Hydrogen Technology Expo MENA 2027,2027,LOCATION,UNSUPPORTED,"ADNEC Centre Abu Dhabi, Al Khaleej Al Arabi Street, Abu Dhabi, Abu Dhabi Emirate 5546, UAE",city Abu Dhabi,Abu Dhabi,https://www.hydrogenccs-menaexpo.com/welcome-hydrogen,only the city is proven (it agrees); the other part is not
Utility,2027-hydrogen-technology-expo-mena-abu-dhabi-speaking,Hydrogen Technology Expo MENA 2027,2027,SUBMISSION DEADLINE,NO_VALUE,,,,,the page states nothing for this field and edition
Utility,2026-sustainable-aviation-futures-nam-houston-speaking,Sustainable Aviation Futures (NAM),2026,START DATE,AGREES,11/4/2026,2026-11-04,"November 4–6, 2026 · Marriott Marquis, Houston",https://www.safcongressna.com/,ok
Utility,2026-sustainable-aviation-futures-nam-houston-speaking,Sustainable Aviation Futures (NAM),2026,CONFERENCE DATES,FILLS,,2026-11-04 to 2026-11-06,"November 4–6, 2026 · Marriott Marquis, Houston",https://www.safcongressna.com/,ok
Utility,2026-sustainable-aviation-futures-nam-houston-speaking,Sustainable Aviation Futures (NAM),2026,LOCATION,UNSUPPORTED,"Marriott Marquis, Houston, Texas",city Houston,"Marriott Marquis, Houston",https://www.safcongressna.com/,only the city is proven (it agrees); the other part is not
Utility,2026-sustainable-aviation-futures-nam-houston-speaking,Sustainable Aviation Futures (NAM),2026,SUBMISSION DEADLINE,NO_VALUE,,,,,the page states nothing for this field and edition
Utility,2027-asia-pacific-hydrogen-summit-brisbane-speaking,Asia Pacific Hydrogen Summit & Exhibition,2027,START DATE,AGREES,9/23/2027,2027-09-23,Thursday 23 September 2027,https://www.world-hydrogen-summit.com/asia-pacific/en-gb.html,ok
Utility,2027-asia-pacific-hydrogen-summit-brisbane-speaking,Asia Pacific Hydrogen Summit & Exhibition,2027,CONFERENCE DATES,FILLS,,2027-09-23 to 2027-09-24,Thursday 23 September 2027 || Friday 24 September 2027,https://www.world-hydrogen-summit.com/asia-pacific/en-gb.html,ok
Utility,2027-asia-pacific-hydrogen-summit-brisbane-speaking,Asia Pacific Hydrogen Summit & Exhibition,2027,LOCATION,UNSUPPORTED,"Brisbane Convention & Exhibition Centre, Brisbane, Australia",city Brisbane,Brisbane Convention & Exhibition Centre,https://www.world-hydrogen-summit.com/asia-pacific/en-gb.html,only the city is proven (it agrees); the other part is not
Utility,2027-asia-pacific-hydrogen-summit-brisbane-speaking,Asia Pacific Hydrogen Summit & Exhibition,2027,SUBMISSION DEADLINE,NO_VALUE,,,,,the page states nothing for this field and edition
Utility,2027-gastech-milan-speaking,Gastech,2027,START DATE,AGREES,9/14/2027,2027-09-14,"EXHIBITION & CONFERENCE 14 - 17 SEPTEMBER 2027 HOUSTON, UNITED STATES",https://www.gastechevent.com,ok
Utility,2027-gastech-milan-speaking,Gastech,2027,CONFERENCE DATES,FILLS,,2027-09-14 to 2027-09-17,"EXHIBITION & CONFERENCE 14 - 17 SEPTEMBER 2027 HOUSTON, UNITED STATES",https://www.gastechevent.com,ok
Utility,2027-gastech-milan-speaking,Gastech,2027,LOCATION,AGREES,"Houston, United States","city Houston, country United States",HOUSTON || UNITED STATES,https://www.gastechevent.com,ok
Utility,2027-gastech-milan-speaking,Gastech,2027,SUBMISSION DEADLINE,NO_VALUE,,,,,the page states nothing for this field and edition
Utility,2027-decarb-connect-uk-london-speaking,Decarb Connect UK 2027,2027,START DATE,AGREES,4/13/2027,2027-04-13,"13 - 15 April, 2027",https://decarbconnectuk.com,ok
Utility,2027-decarb-connect-uk-london-speaking,Decarb Connect UK 2027,2027,CONFERENCE DATES,FILLS,,2027-04-13 to 2027-04-15,"13 - 15 April, 2027",https://decarbconnectuk.com,ok
Utility,2027-decarb-connect-uk-london-speaking,Decarb Connect UK 2027,2027,LOCATION,AGREES,"London, UK","city London, country UK","London, UK",https://decarbconnectuk.com,ok
Utility,2027-decarb-connect-uk-london-speaking,Decarb Connect UK 2027,2027,SUBMISSION DEADLINE,NO_VALUE,,,,,the page states nothing for this field and edition
Utility,2027-cleantech-forum-north-america-san-diego,Clean Tech Forum,2027,START DATE,AGREES,1/25/2027,2027-01-25,"January 25-27, 2027",https://www.cleantech.com/event/cleantech-forum-na/,ok
Utility,2027-cleantech-forum-north-america-san-diego,Clean Tech Forum,2027,CONFERENCE DATES,FILLS,,2027-01-25 to 2027-01-27,"January 25-27, 2027",https://www.cleantech.com/event/cleantech-forum-na/,ok
Utility,2027-cleantech-forum-north-america-san-diego,Clean Tech Forum,2027,LOCATION,UNSUPPORTED,"Paradise Point Resort & Spa, 1404 Vacation Road, San Diego, CA 92109",city San Diego,San Diego,https://www.cleantech.com/event/cleantech-forum-na/,only the city is proven (it agrees); the other part is not
Utility,2027-cleantech-forum-north-america-san-diego,Clean Tech Forum,2027,SUBMISSION DEADLINE,NO_VALUE,,,,,the page states nothing for this field and edition
Utility,2026-co2-based-fuels-and-chemicals-conference-cologne,CO2-based Fuels and Chemicals Conference,2027,START DATE,AGREES,4/21/2027,2027-04-21,21-22 April 2027,https://co2-chemistry.eu/,ok
Utility,2026-co2-based-fuels-and-chemicals-conference-cologne,CO2-based Fuels and Chemicals Conference,2027,CONFERENCE DATES,FILLS,,2027-04-21 to 2027-04-22,21-22 April 2027,https://co2-chemistry.eu/,ok
Utility,2026-co2-based-fuels-and-chemicals-conference-cologne,CO2-based Fuels and Chemicals Conference,2027,LOCATION,AGREES,"Maternushaus, Cologne, Germany","city Cologne, country Germany","Cologne, Germany",https://co2-chemistry.eu/,ok
Utility,2026-co2-based-fuels-and-chemicals-conference-cologne,CO2-based Fuels and Chemicals Conference,2027,SUBMISSION DEADLINE,FILLS,,2026-11-16,Call for Abstracts: 16 Nov. 2026,https://co2-chemistry.eu/,ok
Utility,2027-arpa-e-energy-innovation-summit-orlando,ARPA-E Summit,2027,START DATE,AGREES,4/26/2027,2027-04-26,"The 2027 ARPA-E Energy Innovation Summit will take place April 26-28, 2027, at the Gaylord Palms Resort & Convention Center in Orlando, Florida.",https://www.arpae-summit.com/,ok
Utility,2027-arpa-e-energy-innovation-summit-orlando,ARPA-E Summit,2027,CONFERENCE DATES,FILLS,,2027-04-26 to 2027-04-28,"The 2027 ARPA-E Energy Innovation Summit will take place April 26-28, 2027, at the Gaylord Palms Resort & Convention Center in Orlando, Florida.",https://www.arpae-summit.com/,ok
Utility,2027-arpa-e-energy-innovation-summit-orlando,ARPA-E Summit,2027,LOCATION,DIFFERS,"Gaylord Palms Resort & Convention Center, Orlando, FL","city Orlando, country United States","The 2027 ARPA-E Energy Innovation Summit will take place April 26-28, 2027, at the Gaylord Palms Resort & Convention Center in Orlando, Florida.",https://www.arpae-summit.com/,differs in country
Utility,2027-arpa-e-energy-innovation-summit-orlando,ARPA-E Summit,2027,SUBMISSION DEADLINE,NO_VALUE,,,,,the page states nothing for this field and edition
Utility,2026-european-biomass-conference-exhibition-reims,European Biomass Conference & Exhibition,2027,START DATE,UNSUPPORTED,5/25/2027,,,,"the quote does not state that day, month and year"
Utility,2026-european-biomass-conference-exhibition-reims,European Biomass Conference & Exhibition,2027,CONFERENCE DATES,NO_VALUE,,,,,"the quote does not state that day, month and year"
Utility,2026-european-biomass-conference-exhibition-reims,European Biomass Conference & Exhibition,2027,LOCATION,AGREES,"Reims, France","city Reims, country France","Hosted in the historic city of Reims || Centre des Congrès de Reims, France",https://www.eubce.com/,ok
Utility,2026-european-biomass-conference-exhibition-reims,European Biomass Conference & Exhibition,2027,SUBMISSION DEADLINE,FILLS,,2026-10-30,Abstract Submission Deadline: 30 October 2026,https://www.eubce.com/,ok
Utility,2026-japan-ccus-summit-tokyo-speaking,Japan CCUS Summit 2026,2026,START DATE,AGREES,10/19/2026,2026-10-19,19-20 October 2026,https://www.japanccussummit.com,ok
Utility,2026-japan-ccus-summit-tokyo-speaking,Japan CCUS Summit 2026,2026,CONFERENCE DATES,FILLS,,2026-10-19 to 2026-10-20,19-20 October 2026,https://www.japanccussummit.com,ok
Utility,2026-japan-ccus-summit-tokyo-speaking,Japan CCUS Summit 2026,2026,LOCATION,AGREES,"Hamamatsucho Convention Hall, Tokyo, Japan","city Tokyo, country Japan","Tokyo, Japan || Japan",https://www.japanccussummit.com,ok
Utility,2026-japan-ccus-summit-tokyo-speaking,Japan CCUS Summit 2026,2026,SUBMISSION DEADLINE,NO_VALUE,,,,,the page states nothing for this field and edition
