market,id,conference,field,current,verdict,action,proposed,strength,quote,url,why,note
Cybersecurity,2027-shmoocon-washington,ShmooCon 2027,START DATE,1/15/2027,UNSUPPORTED,BLANK,,weak: the page was read and does not state it for this edition; it may still be right,,,"the page states nothing for this field and edition; the page text never mentions 2027 (it shows 2024, 2025)",the honest blank for a hint nothing supports
Cybersecurity,2027-shmoocon-washington,ShmooCon 2027,CONFERENCE DATES,"January 15 - January 17, 2027",UNSUPPORTED,BLANK,,weak: the page was read and does not state it for this edition; it may still be right,,,"the page states nothing for this field and edition; the page text never mentions 2027 (it shows 2024, 2025)",the honest blank for a hint nothing supports
Cybersecurity,2027-shmoocon-washington,ShmooCon 2027,LOCATION,"Hilton Washington, Washington, D.C., USA",UNSUPPORTED,BLANK,,weak: the page was read and does not state it for this edition; it may still be right,,,"the page states nothing for this field and edition; the page text never mentions 2027 (it shows 2024, 2025)",the honest blank for a hint nothing supports
Cybersecurity,2027-shmoocon-washington,ShmooCon 2027,SUBMISSION DEADLINE,11/15/2026,UNSUPPORTED,BLANK,,weak: the page was read and does not state it for this edition; it may still be right,,,"the page states nothing for this field and edition; the page text never mentions 2027 (it shows 2024, 2025)",the honest blank for a hint nothing supports
Cybersecurity,2027-cybertech-global-tel-aviv-tel-aviv,CyberTech Global Tel Aviv 2027,START DATE,1/25/2027,UNSUPPORTED,BLANK,,weak: the page was read and does not state it for this edition; it may still be right,,,"the quote does not state that day, month and year",the honest blank for a hint nothing supports
Cybersecurity,2027-cybertech-global-tel-aviv-tel-aviv,CyberTech Global Tel Aviv 2027,CONFERENCE DATES,"January 25 - January 27, 2027",UNSUPPORTED,BLANK,,weak: the page was read and does not state it for this edition; it may still be right,,,"the quote does not state that day, month and year",the honest blank for a hint nothing supports
Cybersecurity,2027-cybertech-global-tel-aviv-tel-aviv,CyberTech Global Tel Aviv 2027,LOCATION,"Expo Tel Aviv (Pavilion 2), Tel Aviv, Israel",UNSUPPORTED,BLANK,,weak: the page was read and does not state it for this edition; it may still be right,Join us in Tel Aviv,https://www.cybertechisrael.com/,only the city is proven (it agrees); the other part is not,the honest blank for a hint nothing supports
Cybersecurity,2027-cybertech-global-tel-aviv-tel-aviv,CyberTech Global Tel Aviv 2027,SUBMISSION DEADLINE,11/1/2026,UNSUPPORTED,BLANK,,weak: the page was read and does not state it for this edition; it may still be right,,,the page states nothing for this field and edition,the honest blank for a hint nothing supports
Cybersecurity,2026-wild-west-hackin-fest-mile-high-denver,Wild West Hackin' Fest @ Mile High 2026,START DATE,10/21/2026,UNSUPPORTED,BLANK,,weak: the page was read and does not state it for this edition; it may still be right,,,the page states nothing for this field and edition,the honest blank for a hint nothing supports
Cybersecurity,2026-wild-west-hackin-fest-mile-high-denver,Wild West Hackin' Fest @ Mile High 2026,CONFERENCE DATES,"October 21 - October 23, 2026",UNSUPPORTED,BLANK,,weak: the page was read and does not state it for this edition; it may still be right,,,the page states nothing for this field and edition,the honest blank for a hint nothing supports
Cybersecurity,2026-wild-west-hackin-fest-mile-high-denver,Wild West Hackin' Fest @ Mile High 2026,LOCATION,"Hyatt Regency Denver at Colorado Convention Center, Denver, Colorado, USA",UNSUPPORTED,BLANK,,weak: the page was read and does not state it for this edition; it may still be right,,,the page states nothing for this field and edition,the honest blank for a hint nothing supports
Cybersecurity,2026-wild-west-hackin-fest-mile-high-denver,Wild West Hackin' Fest @ Mile High 2026,SUBMISSION DEADLINE,7/1/2026,UNSUPPORTED,BLANK,,weak: the page was read and does not state it for this edition; it may still be right,,,the page states nothing for this field and edition,the honest blank for a hint nothing supports
Cybersecurity,2026-nullcon-goa-bambolim,Nullcon Goa 2027 (18th Edition),LOCATION,"Grand Hyatt Goa, Bambolim, Goa, India",UNSUPPORTED,BLANK,,weak: the page was read and does not state it for this edition; it may still be right,,,the page states nothing for this field and edition,the honest blank for a hint nothing supports
Cybersecurity,2026-nullcon-goa-bambolim,Nullcon Goa 2027 (18th Edition),SUBMISSION DEADLINE,10/30/2026,UNSUPPORTED,BLANK,,weak: the page was read and does not state it for this edition; it may still be right,,,the page states nothing for this field and edition,the honest blank for a hint nothing supports
Cybersecurity,2026-gartner-identity-access-management-summit-las-vegas,Gartner Identity & Access Management Summit 2026,LOCATION,"Gaylord Texan Resort & Convention Center, Grapevine, Texas, USA",DIFFERS,REPLACE,"city Las Vegas, country United States","page states another value, verbatim quote","Las Vegas, NV || December 7 – 9, 2026 | Las Vegas, NV",https://www.gartner.com/en/conferences/na/identity-access-management-us,differs in city,venue text of the old value is not kept; the reviewer edits by hand
Cybersecurity,2026-gartner-identity-access-management-summit-las-vegas,Gartner Identity & Access Management Summit 2026,SUBMISSION DEADLINE,8/31/2026,UNSUPPORTED,BLANK,,weak: the page was read and does not state it for this edition; it may still be right,,,the page states nothing for this field and edition,the honest blank for a hint nothing supports
Cybersecurity,2027-cloud-cyber-security-expo-london-london,Cloud & Cyber Security Expo London 2027,START DATE,3/3/2027,DIFFERS,REPLACE,3/10/2027,"page states another value, verbatim quote",WEDNESDAY 10 MARCH 2027 - 09:00 - 17:00,https://www.cloudsecurityexpo.com/,ok,
Cybersecurity,2027-cloud-cyber-security-expo-london-london,Cloud & Cyber Security Expo London 2027,CONFERENCE DATES,"March 3 - March 4, 2027",DIFFERS,REPLACE,"March 10 - March 11, 2027","page states another value, verbatim quote",WEDNESDAY 10 MARCH 2027 - 09:00 - 17:00 || THURSDAY 11 MARCH 2027 - 09:30 - 17:00,https://www.cloudsecurityexpo.com/,ok,
Cybersecurity,2027-cloud-cyber-security-expo-london-london,Cloud & Cyber Security Expo London 2027,SUBMISSION DEADLINE,11/15/2026,UNSUPPORTED,BLANK,,weak: the page was read and does not state it for this edition; it may still be right,,,the page states nothing for this field and edition,the honest blank for a hint nothing supports
Cybersecurity,2026-troopers-heidelberg,Troopers 2026 (Troopers Cybersecurity Conference),START DATE,6/22/2026,UNSUPPORTED,BLANK,,weak: the page was read and does not state it for this edition; it may still be right,,,the page states nothing for this field and edition,the honest blank for a hint nothing supports
Cybersecurity,2026-troopers-heidelberg,Troopers 2026 (Troopers Cybersecurity Conference),CONFERENCE DATES,"June 22 - June 26, 2026",UNSUPPORTED,BLANK,,weak: the page was read and does not state it for this edition; it may still be right,,,the page states nothing for this field and edition,the honest blank for a hint nothing supports
Cybersecurity,2026-troopers-heidelberg,Troopers 2026 (Troopers Cybersecurity Conference),LOCATION,"Heidelberg Convention Center, Heidelberg, Germany",UNSUPPORTED,BLANK,,weak: the page was read and does not state it for this edition; it may still be right,,,the page states nothing for this field and edition,the honest blank for a hint nothing supports
Cybersecurity,2026-troopers-heidelberg,Troopers 2026 (Troopers Cybersecurity Conference),SUBMISSION DEADLINE,3/1/2026,UNSUPPORTED,BLANK,,weak: the page was read and does not state it for this edition; it may still be right,,,the page states nothing for this field and edition,the honest blank for a hint nothing supports
Cybersecurity,2027-rsa-conference-san-francisco,RSA Conference 2027 (RSAC 2027),START DATE,5/17/2027,UNSUPPORTED,BLANK,,weak: the page was read and does not state it for this edition; it may still be right,,,the page states nothing for this field and edition,the honest blank for a hint nothing supports
Cybersecurity,2027-rsa-conference-san-francisco,RSA Conference 2027 (RSAC 2027),CONFERENCE DATES,"May 17 - May 20, 2027",UNSUPPORTED,BLANK,,weak: the page was read and does not state it for this edition; it may still be right,,,the page states nothing for this field and edition,the honest blank for a hint nothing supports
Cybersecurity,2027-rsa-conference-san-francisco,RSA Conference 2027 (RSAC 2027),LOCATION,"Moscone Center, San Francisco, California, USA",UNSUPPORTED,BLANK,,weak: the page was read and does not state it for this edition; it may still be right,,,the page states nothing for this field and edition,the honest blank for a hint nothing supports
Cybersecurity,2027-rsa-conference-san-francisco,RSA Conference 2027 (RSAC 2027),SUBMISSION DEADLINE,10/16/2026,UNSUPPORTED,BLANK,,weak: the page was read and does not state it for this edition; it may still be right,,,the page states nothing for this field and edition,the honest blank for a hint nothing supports
Cybersecurity,2026-security-bsides-austin-austin,Security BSides Austin 2026,START DATE,11/12/2026,UNSUPPORTED,KEEP-UNVERIFIED,,no page could be read: nothing to propose,,,no page could be read,
Cybersecurity,2026-security-bsides-austin-austin,Security BSides Austin 2026,CONFERENCE DATES,"November 12 - November 13, 2026",UNSUPPORTED,KEEP-UNVERIFIED,,no page could be read: nothing to propose,,,no page could be read,
Cybersecurity,2026-security-bsides-austin-austin,Security BSides Austin 2026,LOCATION,"JJ Pickle Research Campus, Austin, Texas, USA",UNSUPPORTED,KEEP-UNVERIFIED,,no page could be read: nothing to propose,,,no page could be read,
Cybersecurity,2026-security-bsides-austin-austin,Security BSides Austin 2026,SUBMISSION DEADLINE,8/31/2026,UNSUPPORTED,KEEP-UNVERIFIED,,no page could be read: nothing to propose,,,no page could be read,
Cybersecurity,2026-cyberuk-glasgow,CYBERUK 2026,START DATE,5/12/2026,UNSUPPORTED,BLANK,,weak: the page was read and does not state it for this edition; it may still be right,,,the page states nothing for this field and edition,the honest blank for a hint nothing supports
Cybersecurity,2026-cyberuk-glasgow,CYBERUK 2026,CONFERENCE DATES,"May 12 - May 14, 2026",UNSUPPORTED,BLANK,,weak: the page was read and does not state it for this edition; it may still be right,,,the page states nothing for this field and edition,the honest blank for a hint nothing supports
Cybersecurity,2026-cyberuk-glasgow,CYBERUK 2026,LOCATION,"Scottish Event Campus (SEC Glasgow), Glasgow, Scotland, United Kingdom",UNSUPPORTED,BLANK,,weak: the page was read and does not state it for this edition; it may still be right,,,the page states nothing for this field and edition,the honest blank for a hint nothing supports
Cybersecurity,2026-cyberuk-glasgow,CYBERUK 2026,SUBMISSION DEADLINE,1/31/2026,UNSUPPORTED,BLANK,,weak: the page was read and does not state it for this edition; it may still be right,,,the page states nothing for this field and edition,the honest blank for a hint nothing supports
Cybersecurity,2026-black-hat-asia-singapore,Black Hat Asia 2026,START DATE,4/14/2026,UNSUPPORTED,BLANK,,weak: the page was read and does not state it for this edition; it may still be right,,,the page states nothing for this field and edition,the honest blank for a hint nothing supports
Cybersecurity,2026-black-hat-asia-singapore,Black Hat Asia 2026,CONFERENCE DATES,"April 14 - April 17, 2026",UNSUPPORTED,BLANK,,weak: the page was read and does not state it for this edition; it may still be right,,,the page states nothing for this field and edition,the honest blank for a hint nothing supports
Cybersecurity,2026-black-hat-asia-singapore,Black Hat Asia 2026,LOCATION,"Marina Bay Sands, Singapore",UNSUPPORTED,BLANK,,weak: the page was read and does not state it for this edition; it may still be right,,,the page states nothing for this field and edition,the honest blank for a hint nothing supports
Cybersecurity,2026-black-hat-asia-singapore,Black Hat Asia 2026,SUBMISSION DEADLINE,12/15/2025,UNSUPPORTED,BLANK,,weak: the page was read and does not state it for this edition; it may still be right,,,the page states nothing for this field and edition,the honest blank for a hint nothing supports
Cybersecurity,2026-google-cloud-next-26-las-vegas,Google Cloud Next '26,START DATE,4/7/2026,UNSUPPORTED,BLANK,,weak: the page was read and does not state it for this edition; it may still be right,,,the page states nothing for this field and edition,the honest blank for a hint nothing supports
Cybersecurity,2026-google-cloud-next-26-las-vegas,Google Cloud Next '26,CONFERENCE DATES,"April 7 - April 9, 2026",UNSUPPORTED,BLANK,,weak: the page was read and does not state it for this edition; it may still be right,,,the page states nothing for this field and edition,the honest blank for a hint nothing supports
Cybersecurity,2026-google-cloud-next-26-las-vegas,Google Cloud Next '26,LOCATION,"Mandalay Bay Convention Center, Las Vegas, Nevada, USA",UNSUPPORTED,BLANK,,weak: the page was read and does not state it for this edition; it may still be right,,,the page states nothing for this field and edition,the honest blank for a hint nothing supports
Cybersecurity,2026-google-cloud-next-26-las-vegas,Google Cloud Next '26,SUBMISSION DEADLINE,12/1/2025,UNSUPPORTED,BLANK,,weak: the page was read and does not state it for this edition; it may still be right,,,the page states nothing for this field and edition,the honest blank for a hint nothing supports
Cybersecurity,2026-def-con-singapore-singapore,DEF CON Singapore 2026 (Inaugural Edition),START DATE,11/6/2026,UNSUPPORTED,BLANK,,weak: the page was read and does not state it for this edition; it may still be right,,,"the page shows 3 date ranges and labels this one 'd floorplan open calls all calls closed  , 2026 training april 26-': a training or side range, not the conference",the honest blank for a hint nothing supports
Cybersecurity,2026-def-con-singapore-singapore,DEF CON Singapore 2026 (Inaugural Edition),CONFERENCE DATES,"November 6 - November 8, 2026",UNSUPPORTED,BLANK,,weak: the page was read and does not state it for this edition; it may still be right,,,"the page shows 3 date ranges and labels this one 'd floorplan open calls all calls closed  , 2026 training april 26-': a training or side range, not the conference; first day not proven, last day proven",the honest blank for a hint nothing supports
Cybersecurity,2026-def-con-singapore-singapore,DEF CON Singapore 2026 (Inaugural Edition),SUBMISSION DEADLINE,8/15/2026,DIFFERS,REPLACE,2/15/2026,"page states another value, verbatim quote","The deadline is Feb 15, 2026, and it will be here before you know it.",https://defcon.org/html/defcon-singapore/dc-singapore-index.html,ok,
Cybersecurity,2026-offensivecon-berlin-berlin,OffensiveCon Berlin 2026,START DATE,2/13/2026,DIFFERS,REPLACE,5/15/2026,"page states another value, verbatim quote",May 15-16th 2026,https://www.offensivecon.org/,ok,
Cybersecurity,2026-offensivecon-berlin-berlin,OffensiveCon Berlin 2026,CONFERENCE DATES,"February 13 - February 14, 2026",DIFFERS,REPLACE,"May 15 - May 16, 2026","page states another value, verbatim quote",May 15-16th 2026,https://www.offensivecon.org/,ok,
Cybersecurity,2026-offensivecon-berlin-berlin,OffensiveCon Berlin 2026,LOCATION,"Maritim ProArte Hotel, Berlin, Germany",UNSUPPORTED,BLANK,,weak: the page was read and does not state it for this edition; it may still be right,Berlin,https://www.offensivecon.org/,only the city is proven (it agrees); the other part is not,the honest blank for a hint nothing supports
Cybersecurity,2026-offensivecon-berlin-berlin,OffensiveCon Berlin 2026,SUBMISSION DEADLINE,11/15/2025,UNSUPPORTED,BLANK,,weak: the page was read and does not state it for this edition; it may still be right,,,the page states nothing for this field and edition,the honest blank for a hint nothing supports
Cybersecurity,2026-appsec-israel-tel-aviv,AppSec Israel 2026 (OWASP AppSec Israel),START DATE,9/15/2026,DIFFERS,REPLACE,10/6/2026,"page states another value, verbatim quote","October 06, 2026 | Tel Aviv Expo, Pavilion 10",https://appsecil.org/,ok,
Cybersecurity,2026-appsec-israel-tel-aviv,AppSec Israel 2026 (OWASP AppSec Israel),CONFERENCE DATES,"September 15 - September 16, 2026",DIFFERS,REPLACE,"October 6, 2026","page states another value, verbatim quote","October 06, 2026 | Tel Aviv Expo, Pavilion 10 || Conference: October 06, 2026",https://appsecil.org/,ok,
Cybersecurity,2026-appsec-israel-tel-aviv,AppSec Israel 2026 (OWASP AppSec Israel),SUBMISSION DEADLINE,7/15/2026,UNSUPPORTED,BLANK,,weak: the page was read and does not state it for this edition; it may still be right,,,the page states nothing for this field and edition,the honest blank for a hint nothing supports
Cybersecurity,2026-gartner-security-risk-management-summit-emea-london,Gartner Security & Risk Management Summit EMEA 2026 (London),START DATE,9/21/2026,UNSUPPORTED,BLANK,,weak: the page was read and does not state it for this edition; it may still be right,,,the page states nothing for this field and edition,the honest blank for a hint nothing supports
Cybersecurity,2026-gartner-security-risk-management-summit-emea-london,Gartner Security & Risk Management Summit EMEA 2026 (London),CONFERENCE DATES,"September 21 - September 23, 2026",UNSUPPORTED,BLANK,,weak: the page was read and does not state it for this edition; it may still be right,,,the page states nothing for this field and edition,the honest blank for a hint nothing supports
Cybersecurity,2026-gartner-security-risk-management-summit-emea-london,Gartner Security & Risk Management Summit EMEA 2026 (London),LOCATION,"InterContinental London - The O2, London, United Kingdom",UNSUPPORTED,BLANK,,weak: the page was read and does not state it for this edition; it may still be right,,,the page states nothing for this field and edition,the honest blank for a hint nothing supports
Cybersecurity,2026-gartner-security-risk-management-summit-emea-london,Gartner Security & Risk Management Summit EMEA 2026 (London),SUBMISSION DEADLINE,6/30/2026,UNSUPPORTED,BLANK,,weak: the page was read and does not state it for this edition; it may still be right,,,the page states nothing for this field and edition,the honest blank for a hint nothing supports
Cybersecurity,2026-gartner-security-risk-management-summit-national-harbor,Gartner Security & Risk Management Summit 2026 (National Harbor / NA),START DATE,6/1/2026,UNSUPPORTED,BLANK,,weak: the page was read and does not state it for this edition; it may still be right,,,the page states nothing for this field and edition,the honest blank for a hint nothing supports
Cybersecurity,2026-gartner-security-risk-management-summit-national-harbor,Gartner Security & Risk Management Summit 2026 (National Harbor / NA),CONFERENCE DATES,"June 1 - June 3, 2026",UNSUPPORTED,BLANK,,weak: the page was read and does not state it for this edition; it may still be right,,,the page states nothing for this field and edition,the honest blank for a hint nothing supports
Cybersecurity,2026-gartner-security-risk-management-summit-national-harbor,Gartner Security & Risk Management Summit 2026 (National Harbor / NA),LOCATION,"Gaylord National Resort & Convention Center, National Harbor, Maryland, USA",UNSUPPORTED,BLANK,,weak: the page was read and does not state it for this edition; it may still be right,,,the page states nothing for this field and edition,the honest blank for a hint nothing supports
Cybersecurity,2026-gartner-security-risk-management-summit-national-harbor,Gartner Security & Risk Management Summit 2026 (National Harbor / NA),SUBMISSION DEADLINE,2/15/2026,UNSUPPORTED,BLANK,,weak: the page was read and does not state it for this edition; it may still be right,,,the page states nothing for this field and edition,the honest blank for a hint nothing supports
Cybersecurity,2026-ieee-symposium-on-security-privacy-san-francisco,IEEE Symposium on Security & Privacy 2026 (47th IEEE S&P / Oakland),CONFERENCE DATES,"May 18 - May 21, 2026",DIFFERS,REPLACE,"May 18 - May 20, 2026","page states another value, verbatim quote","The Symposium will be held on May 18-20, 2026, and the Security and Privacy Workshops will be held on May 21, 2026.",https://sp2026.ieee-security.org/,ok,
Cybersecurity,2026-ieee-symposium-on-security-privacy-san-francisco,IEEE Symposium on Security & Privacy 2026 (47th IEEE S&P / Oakland),SUBMISSION DEADLINE,11/20/2025,UNSUPPORTED,BLANK,,weak: the page was read and does not state it for this edition; it may still be right,,,the page states nothing for this field and edition,the honest blank for a hint nothing supports
Cybersecurity,2026-first-38th-annual-conference-denver,FIRST 38th Annual Conference 2026 (Forum of Incident Response Teams),SUBMISSION DEADLINE,2/1/2026,UNSUPPORTED,BLANK,,weak: the page was read and does not state it for this edition; it may still be right,,,"the page's date is for another call (training, workshop, sponsor, registration or announcement), not the talk or paper call",the honest blank for a hint nothing supports
Cybersecurity,2026-infosecurity-europe-london,Infosecurity Europe 2026,START DATE,6/2/2026,UNSUPPORTED,BLANK,,weak: the page was read and does not state it for this edition; it may still be right,,,the page states nothing for this field and edition,the honest blank for a hint nothing supports
Cybersecurity,2026-infosecurity-europe-london,Infosecurity Europe 2026,CONFERENCE DATES,"June 2 - June 4, 2026",UNSUPPORTED,BLANK,,weak: the page was read and does not state it for this edition; it may still be right,,,the page states nothing for this field and edition,the honest blank for a hint nothing supports
Cybersecurity,2026-infosecurity-europe-london,Infosecurity Europe 2026,LOCATION,"ExCeL London, London, United Kingdom",UNSUPPORTED,BLANK,,weak: the page was read and does not state it for this edition; it may still be right,,,the page states nothing for this field and edition,the honest blank for a hint nothing supports
Cybersecurity,2026-infosecurity-europe-london,Infosecurity Europe 2026,SUBMISSION DEADLINE,1/31/2026,UNSUPPORTED,BLANK,,weak: the page was read and does not state it for this edition; it may still be right,,,the page states nothing for this field and edition,the honest blank for a hint nothing supports
Cybersecurity,2026-owasp-italy-day-cagliari,OWASP Italy Day 2026,START DATE,6/17/2026,DIFFERS,REPLACE,6/18/2026,"page states another value, verbatim quote","06/18/2026, 8:30 AM CDT",https://owasp.org/www-chapter-italy/,ok,
Cybersecurity,2026-owasp-italy-day-cagliari,OWASP Italy Day 2026,CONFERENCE DATES,"June 17 - June 18, 2026",DIFFERS,REPLACE,2026-06-18 to ?,"page states another value, verbatim quote","06/18/2026, 8:30 AM CDT",https://owasp.org/www-chapter-italy/,first day differs; last day not proven,
Cybersecurity,2026-owasp-italy-day-cagliari,OWASP Italy Day 2026,SUBMISSION DEADLINE,4/15/2026,UNSUPPORTED,BLANK,,weak: the page was read and does not state it for this edition; it may still be right,,,the page states nothing for this field and edition,the honest blank for a hint nothing supports
Cybersecurity,2026-area41-security-conference-d-bendorf,Area41 Security Conference 2026,LOCATION,"The Hall Dubendorf, Zurich, Switzerland",UNSUPPORTED,BLANK,,weak: the page was read and does not state it for this edition; it may still be right,Area41 is Switzerland's most well-known technical information security conference.,https://area41.io/,only the country is proven (it agrees); the other part is not,the honest blank for a hint nothing supports
Cybersecurity,2026-area41-security-conference-d-bendorf,Area41 Security Conference 2026,SUBMISSION DEADLINE,3/31/2026,UNSUPPORTED,BLANK,,weak: the page was read and does not state it for this edition; it may still be right,,,the page states nothing for this field and edition,the honest blank for a hint nothing supports
Cybersecurity,2026-owasp-global-appsec-eu-vienna,OWASP Global AppSec EU 2026 (25th Anniversary),START DATE,6/25/2026,UNSUPPORTED,BLANK,,weak: the page was read and does not state it for this edition; it may still be right,,,the page states nothing for this field and edition,the honest blank for a hint nothing supports
Cybersecurity,2026-owasp-global-appsec-eu-vienna,OWASP Global AppSec EU 2026 (25th Anniversary),CONFERENCE DATES,"June 25 - June 26, 2026",UNSUPPORTED,BLANK,,weak: the page was read and does not state it for this edition; it may still be right,,,the page states nothing for this field and edition,the honest blank for a hint nothing supports
Cybersecurity,2026-owasp-global-appsec-eu-vienna,OWASP Global AppSec EU 2026 (25th Anniversary),LOCATION,"Austria Center Vienna, Vienna, Austria",UNSUPPORTED,BLANK,,weak: the page was read and does not state it for this edition; it may still be right,,,the page states nothing for this field and edition,the honest blank for a hint nothing supports
Cybersecurity,2026-owasp-global-appsec-eu-vienna,OWASP Global AppSec EU 2026 (25th Anniversary),SUBMISSION DEADLINE,3/1/2026,UNSUPPORTED,BLANK,,weak: the page was read and does not state it for this edition; it may still be right,,,the page states nothing for this field and edition,the honest blank for a hint nothing supports
Cybersecurity,2026-gartner-security-risk-management-summit-japan-grand-nikko-tokyo-daiba,Gartner Security & Risk Management Summit Japan 2026,START DATE,7/22/2026,UNSUPPORTED,BLANK,,weak: the page was read and does not state it for this edition; it may still be right,,,the page states nothing for this field and edition,the honest blank for a hint nothing supports
Cybersecurity,2026-gartner-security-risk-management-summit-japan-grand-nikko-tokyo-daiba,Gartner Security & Risk Management Summit Japan 2026,CONFERENCE DATES,"July 22 - July 24, 2026",UNSUPPORTED,BLANK,,weak: the page was read and does not state it for this edition; it may still be right,,,the page states nothing for this field and edition,the honest blank for a hint nothing supports
Cybersecurity,2026-gartner-security-risk-management-summit-japan-grand-nikko-tokyo-daiba,Gartner Security & Risk Management Summit Japan 2026,LOCATION,"Grand Nikko Tokyo Daiba, Tokyo, Japan",UNSUPPORTED,BLANK,,weak: the page was read and does not state it for this edition; it may still be right,,,the page states nothing for this field and edition,the honest blank for a hint nothing supports
Cybersecurity,2026-gartner-security-risk-management-summit-japan-grand-nikko-tokyo-daiba,Gartner Security & Risk Management Summit Japan 2026,SUBMISSION DEADLINE,4/15/2026,UNSUPPORTED,BLANK,,weak: the page was read and does not state it for this edition; it may still be right,,,the page states nothing for this field and edition,the honest blank for a hint nothing supports
Cybersecurity,2026-black-hat-usa-las-vegas,Black Hat USA 2026,START DATE,8/1/2026,UNSUPPORTED,BLANK,,weak: the page was read and does not state it for this edition; it may still be right,,,the page shows 2 date ranges and nothing labels this one as the conference,the honest blank for a hint nothing supports
Cybersecurity,2026-black-hat-usa-las-vegas,Black Hat USA 2026,CONFERENCE DATES,"August 1 - August 6, 2026",UNSUPPORTED,BLANK,,weak: the page was read and does not state it for this edition; it may still be right,,,"the quote does not state that day, month and year",the honest blank for a hint nothing supports
Cybersecurity,2026-black-hat-usa-las-vegas,Black Hat USA 2026,SUBMISSION DEADLINE,4/6/2026,UNSUPPORTED,BLANK,,weak: the page was read and does not state it for this edition; it may still be right,,,the page states nothing for this field and edition,the honest blank for a hint nothing supports
Cybersecurity,2026-bsides-las-vegas-las-vegas,BSides Las Vegas 2026 (BSidesLV),START DATE,8/3/2026,UNSUPPORTED,BLANK,,weak: the page was read and does not state it for this edition; it may still be right,,,the page states nothing for this field and edition,the honest blank for a hint nothing supports
Cybersecurity,2026-bsides-las-vegas-las-vegas,BSides Las Vegas 2026 (BSidesLV),CONFERENCE DATES,"August 3 - August 5, 2026",UNSUPPORTED,BLANK,,weak: the page was read and does not state it for this edition; it may still be right,,,the page states nothing for this field and edition,the honest blank for a hint nothing supports
Cybersecurity,2026-bsides-las-vegas-las-vegas,BSides Las Vegas 2026 (BSidesLV),LOCATION,"Tuscany Suites & Casino, Las Vegas, Nevada, USA",UNSUPPORTED,BLANK,,weak: the page was read and does not state it for this edition; it may still be right,,,the page states nothing for this field and edition,the honest blank for a hint nothing supports
Cybersecurity,2026-bsides-las-vegas-las-vegas,BSides Las Vegas 2026 (BSidesLV),SUBMISSION DEADLINE,4/30/2026,UNSUPPORTED,BLANK,,weak: the page was read and does not state it for this edition; it may still be right,,,the page states nothing for this field and edition,the honest blank for a hint nothing supports
Cybersecurity,2026-def-con-34-las-vegas,DEF CON 34,START DATE,8/6/2026,UNSUPPORTED,BLANK,,weak: the page was read and does not state it for this edition; it may still be right,,,the page states nothing for this field and edition,the honest blank for a hint nothing supports
Cybersecurity,2026-def-con-34-las-vegas,DEF CON 34,CONFERENCE DATES,"August 6 - August 9, 2026",UNSUPPORTED,BLANK,,weak: the page was read and does not state it for this edition; it may still be right,,,the page states nothing for this field and edition,the honest blank for a hint nothing supports
Cybersecurity,2026-def-con-34-las-vegas,DEF CON 34,LOCATION,"Las Vegas Convention Center (LVCC) West Hall, Las Vegas, Nevada, USA",UNSUPPORTED,BLANK,,weak: the page was read and does not state it for this edition; it may still be right,,,the page states nothing for this field and edition,the honest blank for a hint nothing supports
Cybersecurity,2026-def-con-34-las-vegas,DEF CON 34,SUBMISSION DEADLINE,5/1/2026,UNSUPPORTED,BLANK,,weak: the page was read and does not state it for this edition; it may still be right,,,the page states nothing for this field and edition,the honest blank for a hint nothing supports
Cybersecurity,2026-appsec-village-at-def-con-34-las-vegas,AppSec Village at DEF CON 34,START DATE,8/6/2026,DIFFERS,REPLACE,8/7/2026,"page states another value, verbatim quote","DEF CON 34 August 7-9, 2026",https://www.appsecvillage.com/,"ok (2 ranges on the page; this one is labelled 'march 24-26, 2026 learn more def con 34  , 2026 learn more get inv' by the page)",
Cybersecurity,2026-appsec-village-at-def-con-34-las-vegas,AppSec Village at DEF CON 34,CONFERENCE DATES,"August 6 - August 9, 2026",DIFFERS,REPLACE,"August 7 - August 9, 2026","page states another value, verbatim quote","DEF CON 34 August 7-9, 2026",https://www.appsecvillage.com/,ok,
Cybersecurity,2026-appsec-village-at-def-con-34-las-vegas,AppSec Village at DEF CON 34,LOCATION,"Las Vegas Convention Center (LVCC) West Hall, Las Vegas, Nevada, USA",UNSUPPORTED,BLANK,,weak: the page was read and does not state it for this edition; it may still be right,,,the page states nothing for this field and edition,the honest blank for a hint nothing supports
Cybersecurity,2026-appsec-village-at-def-con-34-las-vegas,AppSec Village at DEF CON 34,SUBMISSION DEADLINE,5/15/2026,UNSUPPORTED,BLANK,,weak: the page was read and does not state it for this edition; it may still be right,,,the page states nothing for this field and edition,the honest blank for a hint nothing supports
Cybersecurity,2026-usenix-security-symposium-baltimore,USENIX Security Symposium 2026 (35th USENIX Security '26),START DATE,8/12/2026,UNSUPPORTED,BLANK,,weak: the page was read and does not state it for this edition; it may still be right,,,the page states nothing for this field and edition,the honest blank for a hint nothing supports
Cybersecurity,2026-usenix-security-symposium-baltimore,USENIX Security Symposium 2026 (35th USENIX Security '26),CONFERENCE DATES,"August 12 - August 14, 2026",UNSUPPORTED,BLANK,,weak: the page was read and does not state it for this edition; it may still be right,,,the page states nothing for this field and edition,the honest blank for a hint nothing supports
Cybersecurity,2026-usenix-security-symposium-baltimore,USENIX Security Symposium 2026 (35th USENIX Security '26),LOCATION,"Baltimore Marriott Waterfront, Baltimore, Maryland, USA",UNSUPPORTED,BLANK,,weak: the page was read and does not state it for this edition; it may still be right,,,the page states nothing for this field and edition,the honest blank for a hint nothing supports
Cybersecurity,2026-usenix-security-symposium-baltimore,USENIX Security Symposium 2026 (35th USENIX Security '26),SUBMISSION DEADLINE,2/5/2026,UNSUPPORTED,BLANK,,weak: the page was read and does not state it for this edition; it may still be right,,,the page states nothing for this field and edition,the honest blank for a hint nothing supports
Cybersecurity,2026-crowdstrike-fal-con-las-vegas,CrowdStrike Fal.Con 2026,START DATE,8/31/2026,UNSUPPORTED,BLANK,,weak: the page was read and does not state it for this edition; it may still be right,,,"the quote does not state that day, month and year",the honest blank for a hint nothing supports
Cybersecurity,2026-crowdstrike-fal-con-las-vegas,CrowdStrike Fal.Con 2026,CONFERENCE DATES,"August 31 - September 3, 2026",UNSUPPORTED,BLANK,,weak: the page was read and does not state it for this edition; it may still be right,,,"the quote does not state that day, month and year",the honest blank for a hint nothing supports
Cybersecurity,2026-crowdstrike-fal-con-las-vegas,CrowdStrike Fal.Con 2026,LOCATION,"Mandalay Bay Resort & Casino, Las Vegas, Nevada, USA",UNSUPPORTED,BLANK,,weak: the page was read and does not state it for this edition; it may still be right,Las Vegas,https://www.crowdstrike.com/en-us/events/fal-con/las-vegas/,only the city is proven (it agrees); the other part is not,the honest blank for a hint nothing supports
Cybersecurity,2026-crowdstrike-fal-con-las-vegas,CrowdStrike Fal.Con 2026,SUBMISSION DEADLINE,5/15/2026,UNSUPPORTED,BLANK,,weak: the page was read and does not state it for this edition; it may still be right,,,the page states nothing for this field and edition,the honest blank for a hint nothing supports
Cybersecurity,2026-devseccon-virtual,DevSecCon 2026 (DevSecCon Global / Virtual),START DATE,10/14/2026,UNSUPPORTED,BLANK,,weak: the page was read and does not state it for this edition; it may still be right,,,the page states nothing for this field and edition,the honest blank for a hint nothing supports
Cybersecurity,2026-devseccon-virtual,DevSecCon 2026 (DevSecCon Global / Virtual),CONFERENCE DATES,"October 14 - October 15, 2026",UNSUPPORTED,BLANK,,weak: the page was read and does not state it for this edition; it may still be right,,,the page states nothing for this field and edition,the honest blank for a hint nothing supports
Cybersecurity,2026-devseccon-virtual,DevSecCon 2026 (DevSecCon Global / Virtual),LOCATION,Virtual / Global Online Event,UNSUPPORTED,BLANK,,weak: the page was read and does not state it for this edition; it may still be right,,,the page states nothing for this field and edition,the honest blank for a hint nothing supports
Cybersecurity,2026-devseccon-virtual,DevSecCon 2026 (DevSecCon Global / Virtual),SUBMISSION DEADLINE,7/31/2026,UNSUPPORTED,BLANK,,weak: the page was read and does not state it for this edition; it may still be right,,,the page states nothing for this field and edition,the honest blank for a hint nothing supports
Cybersecurity,2026-infosec-world-orlando,InfoSec World 2026,START DATE,10/12/2026,DIFFERS,REPLACE,10/11/2026,"page states another value, verbatim quote","October 11-15, 2026",https://www.infosecworldusa.com/,ok,
Cybersecurity,2026-infosec-world-orlando,InfoSec World 2026,CONFERENCE DATES,"October 12 - October 14, 2026",DIFFERS,REPLACE,"October 11 - October 15, 2026","page states another value, verbatim quote","October 11-15, 2026",https://www.infosecworldusa.com/,ok,
Cybersecurity,2026-infosec-world-orlando,InfoSec World 2026,SUBMISSION DEADLINE,5/15/2026,UNSUPPORTED,BLANK,,weak: the page was read and does not state it for this edition; it may still be right,,,the page states nothing for this field and edition,the honest blank for a hint nothing supports
Cybersecurity,2026-billington-17th-annual-cybersecurity-summit-washington,Billington 17th Annual CyberSecurity Summit 2026,START DATE,9/8/2026,UNSUPPORTED,BLANK,,weak: the page was read and does not state it for this edition; it may still be right,,,"the quote does not state that day, month and year",the honest blank for a hint nothing supports
Cybersecurity,2026-billington-17th-annual-cybersecurity-summit-washington,Billington 17th Annual CyberSecurity Summit 2026,CONFERENCE DATES,"September 8 - September 10, 2026",UNSUPPORTED,BLANK,,weak: the page was read and does not state it for this edition; it may still be right,,,"the quote does not state that day, month and year",the honest blank for a hint nothing supports
Cybersecurity,2026-billington-17th-annual-cybersecurity-summit-washington,Billington 17th Annual CyberSecurity Summit 2026,LOCATION,"Walter E. Washington Convention Center, Washington, D.C., USA",UNSUPPORTED,BLANK,,weak: the page was read and does not state it for this edition; it may still be right,"WASHINGTON, DC",https://billingtoncybersummit.com/,only the city is proven (it agrees); the other part is not,the honest blank for a hint nothing supports
Cybersecurity,2026-billington-17th-annual-cybersecurity-summit-washington,Billington 17th Annual CyberSecurity Summit 2026,SUBMISSION DEADLINE,5/31/2026,UNSUPPORTED,BLANK,,weak: the page was read and does not state it for this edition; it may still be right,,,the page states nothing for this field and edition,the honest blank for a hint nothing supports
Cybersecurity,2026-labscon-scottsdale,LabsCon 2026 (SentinelOne LabsCon),START DATE,9/20/2026,DIFFERS,REPLACE,9/16/2026,"page states another value, verbatim quote","LABScon will take place at Omni Scottsdale Resort & Spa at Montelucia in Scottsdale, Arizona from Wednesday, September 16, 2026 to Saturday, September 19, 2026.",https://www.labscon.io/,ok,
Cybersecurity,2026-labscon-scottsdale,LabsCon 2026 (SentinelOne LabsCon),CONFERENCE DATES,"September 20 - September 23, 2026",DIFFERS,REPLACE,"September 16 - September 19, 2026","page states another value, verbatim quote","LABScon will take place at Omni Scottsdale Resort & Spa at Montelucia in Scottsdale, Arizona from Wednesday, September 16, 2026 to Saturday, September 19, 2026.",https://www.labscon.io/,ok,
Cybersecurity,2026-labscon-scottsdale,LabsCon 2026 (SentinelOne LabsCon),SUBMISSION DEADLINE,6/1/2026,UNSUPPORTED,BLANK,,weak: the page was read and does not state it for this edition; it may still be right,,,the page states nothing for this field and edition,the honest blank for a hint nothing supports
Cybersecurity,2026-german-owasp-day-karlsruhe,OWASP German Chapter Conference (AppSec Karlsruhe 2026),START DATE,9/22/2026,UNSUPPORTED,BLANK,,weak: the page was read and does not state it for this edition; it may still be right,,,the page states nothing for this field and edition,the honest blank for a hint nothing supports
Cybersecurity,2026-german-owasp-day-karlsruhe,OWASP German Chapter Conference (AppSec Karlsruhe 2026),CONFERENCE DATES,"September 22 - September 24, 2026",UNSUPPORTED,BLANK,,weak: the page was read and does not state it for this edition; it may still be right,,,the page states nothing for this field and edition,the honest blank for a hint nothing supports
Cybersecurity,2026-german-owasp-day-karlsruhe,OWASP German Chapter Conference (AppSec Karlsruhe 2026),LOCATION,"Karlsruhe Institute of Technology (KIT) / ZKM, Karlsruhe, Germany",UNSUPPORTED,BLANK,,weak: the page was read and does not state it for this edition; it may still be right,,,the page states nothing for this field and edition,the honest blank for a hint nothing supports
Cybersecurity,2026-german-owasp-day-karlsruhe,OWASP German Chapter Conference (AppSec Karlsruhe 2026),SUBMISSION DEADLINE,6/15/2026,UNSUPPORTED,BLANK,,weak: the page was read and does not state it for this edition; it may still be right,,,the page states nothing for this field and edition,the honest blank for a hint nothing supports
Cybersecurity,2026-owasp-appsec-days-france-paris,OWASP AppSec Days France 2026,START DATE,11/18/2026,DIFFERS,REPLACE,9/24/2026,"page states another value, verbatim quote",Elle se tiendra le jeudi 24 septembre 2026.,https://owaspappsecdays.fr/,ok,
Cybersecurity,2026-owasp-appsec-days-france-paris,OWASP AppSec Days France 2026,CONFERENCE DATES,"November 18 - November 19, 2026",DIFFERS,REPLACE,"September 24, 2026","page states another value, verbatim quote",Elle se tiendra le jeudi 24 septembre 2026. || cet évènement se déroulera sur une journée : le jeudi 24 septembre 2026.,https://owaspappsecdays.fr/,ok,
Cybersecurity,2026-owasp-appsec-days-france-paris,OWASP AppSec Days France 2026,SUBMISSION DEADLINE,8/31/2026,UNSUPPORTED,BLANK,,weak: the page was read and does not state it for this edition; it may still be right,,,the page states nothing for this field and edition,the honest blank for a hint nothing supports
Cybersecurity,2026-owasp-global-appsec-usa-san-francisco,OWASP Global AppSec USA 2026,START DATE,11/2/2026,UNSUPPORTED,BLANK,,weak: the page was read and does not state it for this edition; it may still be right,,,the page states nothing for this field and edition,the honest blank for a hint nothing supports
Cybersecurity,2026-owasp-global-appsec-usa-san-francisco,OWASP Global AppSec USA 2026,CONFERENCE DATES,"November 2 - November 6, 2026",UNSUPPORTED,BLANK,,weak: the page was read and does not state it for this edition; it may still be right,,,the page states nothing for this field and edition,the honest blank for a hint nothing supports
Cybersecurity,2026-owasp-global-appsec-usa-san-francisco,OWASP Global AppSec USA 2026,LOCATION,"San Francisco Marriott Marquis, San Francisco, California, USA",UNSUPPORTED,BLANK,,weak: the page was read and does not state it for this edition; it may still be right,,,the page states nothing for this field and edition,the honest blank for a hint nothing supports
Cybersecurity,2026-owasp-global-appsec-usa-san-francisco,OWASP Global AppSec USA 2026,SUBMISSION DEADLINE,7/15/2026,UNSUPPORTED,BLANK,,weak: the page was read and does not state it for this edition; it may still be right,,,the page states nothing for this field and edition,the honest blank for a hint nothing supports
Cybersecurity,2026-lascon-austin,LASCON 2026 (Lonestar Application Security Conference),START DATE,10/22/2026,DIFFERS,REPLACE,10/29/2026,"page states another value, verbatim quote","Conference dates will be Thursday and Friday, October 29-30, 2026.",https://lascon.org/,ok,
Cybersecurity,2026-lascon-austin,LASCON 2026 (Lonestar Application Security Conference),CONFERENCE DATES,"October 22 - October 23, 2026",DIFFERS,REPLACE,"October 29 - October 30, 2026","page states another value, verbatim quote","Conference dates will be Thursday and Friday, October 29-30, 2026.",https://lascon.org/,ok,
Cybersecurity,2026-lascon-austin,LASCON 2026 (Lonestar Application Security Conference),SUBMISSION DEADLINE,7/31/2026,UNSUPPORTED,BLANK,,weak: the page was read and does not state it for this edition; it may still be right,,,the page states nothing for this field and edition,the honest blank for a hint nothing supports
Cybersecurity,2026-it-sa-expo-congress-nuremberg,it-sa Expo & Congress 2026,START DATE,10/6/2026,DIFFERS,REPLACE,10/27/2026,"page states another value, verbatim quote","27 - 29 October 2026 | Nuremberg, Germany",https://www.itsa365.de/en/it-sa-expo-congress,ok,
Cybersecurity,2026-it-sa-expo-congress-nuremberg,it-sa Expo & Congress 2026,CONFERENCE DATES,"October 6 - October 8, 2026",DIFFERS,REPLACE,"October 27 - October 29, 2026","page states another value, verbatim quote","27 - 29 October 2026 | Nuremberg, Germany",https://www.itsa365.de/en/it-sa-expo-congress,ok,
Cybersecurity,2026-it-sa-expo-congress-nuremberg,it-sa Expo & Congress 2026,SUBMISSION DEADLINE,5/31/2026,UNSUPPORTED,BLANK,,weak: the page was read and does not state it for this edition; it may still be right,,,the page states nothing for this field and edition,the honest blank for a hint nothing supports
Cybersecurity,2026-sector-toronto,SecTor 2026 (Black Hat Canada / SecTor),START DATE,10/20/2026,DIFFERS,REPLACE,10/6/2026,"page states another value, verbatim quote","October 6-8, 2026",https://www.blackhat.com/sector/,ok,
Cybersecurity,2026-sector-toronto,SecTor 2026 (Black Hat Canada / SecTor),CONFERENCE DATES,"October 20 - October 22, 2026",DIFFERS,REPLACE,"October 6 - October 8, 2026","page states another value, verbatim quote","October 6-8, 2026",https://www.blackhat.com/sector/,ok,
Cybersecurity,2026-sector-toronto,SecTor 2026 (Black Hat Canada / SecTor),LOCATION,"Metro Toronto Convention Centre (MTCC), Toronto, Ontario, Canada",UNSUPPORTED,BLANK,,weak: the page was read and does not state it for this edition; it may still be right,SecTor 2026 will take place in the Metro Toronto Convention Centre (MTCC) in downtown Toronto.,https://www.blackhat.com/sector/,only the city is proven (it agrees); the other part is not,the honest blank for a hint nothing supports
Cybersecurity,2026-sector-toronto,SecTor 2026 (Black Hat Canada / SecTor),SUBMISSION DEADLINE,6/15/2026,UNSUPPORTED,BLANK,,weak: the page was read and does not state it for this edition; it may still be right,,,the page states nothing for this field and edition,the honest blank for a hint nothing supports
Cybersecurity,2026-wild-west-hackin-fest-deadwood-deadwood,Wild West Hackin' Fest Deadwood 2026,START DATE,10/6/2026,DIFFERS,REPLACE,10/7/2026,"page states another value, verbatim quote","Live & Virtual Conference October 7-9, 2026",https://wildwesthackinfest.com/,"ok (2 ranges on the page; this one is labelled 'ber 6-7, 2026 live & virtual conference  , 2026 location deadwood' by the page)",
Cybersecurity,2026-wild-west-hackin-fest-deadwood-deadwood,Wild West Hackin' Fest Deadwood 2026,CONFERENCE DATES,"October 6 - October 9, 2026",DIFFERS,REPLACE,"October 7 - October 9, 2026","page states another value, verbatim quote","Live & Virtual Conference October 7-9, 2026",https://wildwesthackinfest.com/,ok,
Cybersecurity,2026-wild-west-hackin-fest-deadwood-deadwood,Wild West Hackin' Fest Deadwood 2026,SUBMISSION DEADLINE,6/30/2026,UNSUPPORTED,BLANK,,weak: the page was read and does not state it for this edition; it may still be right,,,the page states nothing for this field and edition,the honest blank for a hint nothing supports
Cybersecurity,2026-isc2-security-congress-aurora,ISC2 Security Congress 2026,START DATE,10/19/2026,DIFFERS,REPLACE,10/24/2026,"page states another value, verbatim quote","OCTOBER 24-28, 2026 | GAYLORD ROCKIES + VIRTUAL",https://www.isc2.org/congress,ok,
Cybersecurity,2026-isc2-security-congress-aurora,ISC2 Security Congress 2026,CONFERENCE DATES,"October 19 - October 21, 2026",DIFFERS,REPLACE,"October 24 - October 28, 2026","page states another value, verbatim quote","OCTOBER 24-28, 2026 | GAYLORD ROCKIES + VIRTUAL",https://www.isc2.org/congress,ok,
Cybersecurity,2026-isc2-security-congress-aurora,ISC2 Security Congress 2026,LOCATION,"Music City Center, Nashville, Tennessee, USA",UNSUPPORTED,BLANK,,weak: the page was read and does not state it for this edition; it may still be right,,,the page states nothing for this field and edition,the honest blank for a hint nothing supports
Cybersecurity,2026-isc2-security-congress-aurora,ISC2 Security Congress 2026,SUBMISSION DEADLINE,5/15/2026,UNSUPPORTED,BLANK,,weak: the page was read and does not state it for this edition; it may still be right,,,the page states nothing for this field and edition,the honest blank for a hint nothing supports
Cybersecurity,2026-cyberdefensecon-orlando,CyberDefenseCon 2026 (Cyber Defense Magazine),START DATE,10/20/2026,UNSUPPORTED,BLANK,,weak: the page was read and does not state it for this edition; it may still be right,,,the page states nothing for this field and edition,the honest blank for a hint nothing supports
Cybersecurity,2026-cyberdefensecon-orlando,CyberDefenseCon 2026 (Cyber Defense Magazine),CONFERENCE DATES,"October 20 - October 21, 2026",UNSUPPORTED,BLANK,,weak: the page was read and does not state it for this edition; it may still be right,,,the page states nothing for this field and edition,the honest blank for a hint nothing supports
Cybersecurity,2026-cyberdefensecon-orlando,CyberDefenseCon 2026 (Cyber Defense Magazine),LOCATION,"The Ritz-Carlton Orlando, Grande Lakes, Orlando, Florida, USA",UNSUPPORTED,BLANK,,weak: the page was read and does not state it for this edition; it may still be right,,,the page states nothing for this field and edition,the honest blank for a hint nothing supports
Cybersecurity,2026-sans-cyber-defense-initiative-washington,SANS Cyber Defense Initiative 2026 (CDI 2026),START DATE,12/12/2026,UNSUPPORTED,BLANK,,weak: the page was read and does not state it for this edition; it may still be right,,,"the quote does not state that day, month and year",the honest blank for a hint nothing supports
Cybersecurity,2026-sans-cyber-defense-initiative-washington,SANS Cyber Defense Initiative 2026 (CDI 2026),CONFERENCE DATES,"December 12 - December 17, 2026",UNSUPPORTED,BLANK,,weak: the page was read and does not state it for this edition; it may still be right,,,"the quote does not state that day, month and year; first day not proven, last day proven",the honest blank for a hint nothing supports
Cybersecurity,2026-sans-cyber-defense-initiative-washington,SANS Cyber Defense Initiative 2026 (CDI 2026),LOCATION,"Grand Hyatt Washington, Washington, D.C., USA",DIFFERS,REPLACE,city Washington D.C.,"page states another value, verbatim quote",Washington D.C.,https://www.sans.org/cyber-security-training-events/cyber-defense-initiative-2026,differs in city,venue text of the old value is not kept; the reviewer edits by hand
Cybersecurity,2026-sans-cyber-defense-initiative-washington,SANS Cyber Defense Initiative 2026 (CDI 2026),SUBMISSION DEADLINE,9/15/2026,UNSUPPORTED,BLANK,,weak: the page was read and does not state it for this edition; it may still be right,,,the page states nothing for this field and edition,the honest blank for a hint nothing supports
Cybersecurity,2026-fwd-cloudsec-north-america-bellevue,fwd:cloudsec North America 2026,START DATE,9/14/2026,DIFFERS,REPLACE,6/1/2026,"page states another value, verbatim quote","June 1-2, 2026",https://fwdcloudsec.org/,ok,
Cybersecurity,2026-fwd-cloudsec-north-america-bellevue,fwd:cloudsec North America 2026,CONFERENCE DATES,"September 14 - September 15, 2026",DIFFERS,REPLACE,"June 1 - June 2, 2026","page states another value, verbatim quote","June 1-2, 2026",https://fwdcloudsec.org/,ok,
Cybersecurity,2026-fwd-cloudsec-north-america-bellevue,fwd:cloudsec North America 2026,LOCATION,"Philadelphia, Pennsylvania, USA",DIFFERS,REPLACE,"city Bellevue, country USA","page states another value, verbatim quote","Where : 4th floor of the Meydenbauer Center in Bellevue, Washington, USA",https://fwdcloudsec.org/,differs in city,venue text of the old value is not kept; the reviewer edits by hand
Cybersecurity,2026-fwd-cloudsec-north-america-bellevue,fwd:cloudsec North America 2026,SUBMISSION DEADLINE,5/31/2026,UNSUPPORTED,BLANK,,weak: the page was read and does not state it for this edition; it may still be right,,,the page states nothing for this field and edition,the honest blank for a hint nothing supports
Cybersecurity,2026-secureworld-st-louis-st-louis,SecureWorld St. Louis 2026,SUBMISSION DEADLINE,7/8/2026,UNSUPPORTED,BLANK,,weak: the page was read and does not state it for this edition; it may still be right,,,the page states nothing for this field and edition,the honest blank for a hint nothing supports
Cybersecurity,2026-secureworld-detroit-novi,SecureWorld Detroit 2026,SUBMISSION DEADLINE,8/3/2026,UNSUPPORTED,BLANK,,weak: the page was read and does not state it for this edition; it may still be right,,,the page states nothing for this field and edition,the honest blank for a hint nothing supports
Cybersecurity,2026-secureworld-quantum-cryptography-virtual,SecureWorld Quantum Cryptography 2026,START DATE,9/23/2026,UNSUPPORTED,BLANK,,weak: the page was read and does not state it for this edition; it may still be right,,,the page states nothing for this field and edition,the honest blank for a hint nothing supports
Cybersecurity,2026-secureworld-quantum-cryptography-virtual,SecureWorld Quantum Cryptography 2026,CONFERENCE DATES,"September 23, 2026",UNSUPPORTED,BLANK,,weak: the page was read and does not state it for this edition; it may still be right,,,the page states nothing for this field and edition,the honest blank for a hint nothing supports
Cybersecurity,2026-secureworld-quantum-cryptography-virtual,SecureWorld Quantum Cryptography 2026,LOCATION,Virtual,UNSUPPORTED,BLANK,,weak: the page was read and does not state it for this edition; it may still be right,,,the page states nothing for this field and edition,the honest blank for a hint nothing supports
Cybersecurity,2026-secureworld-quantum-cryptography-virtual,SecureWorld Quantum Cryptography 2026,SUBMISSION DEADLINE,8/9/2026,UNSUPPORTED,BLANK,,weak: the page was read and does not state it for this edition; it may still be right,,,the page states nothing for this field and edition,the honest blank for a hint nothing supports
Cybersecurity,2026-secureworld-atlanta-atlanta,SecureWorld Atlanta 2026,SUBMISSION DEADLINE,7/24/2026,UNSUPPORTED,BLANK,,weak: the page was read and does not state it for this edition; it may still be right,,,the page states nothing for this field and edition,the honest blank for a hint nothing supports
Cybersecurity,2026-secureworld-denver-denver,SecureWorld Denver 2026,SUBMISSION DEADLINE,7/30/2026,UNSUPPORTED,BLANK,,weak: the page was read and does not state it for this edition; it may still be right,,,the page states nothing for this field and edition,the honest blank for a hint nothing supports
Cybersecurity,2026-secureworld-dallas-plano,SecureWorld Dallas 2026,SUBMISSION DEADLINE,8/8/2026,UNSUPPORTED,BLANK,,weak: the page was read and does not state it for this edition; it may still be right,,,the page states nothing for this field and edition,the honest blank for a hint nothing supports
Cybersecurity,2026-secureworld-threat-defense-virtual,SecureWorld Threat Defense 2026,LOCATION,Virtual,UNSUPPORTED,BLANK,,weak: the page was read and does not state it for this edition; it may still be right,,,the page states nothing for this field and edition,the honest blank for a hint nothing supports
Cybersecurity,2026-secureworld-threat-defense-virtual,SecureWorld Threat Defense 2026,SUBMISSION DEADLINE,9/1/2026,UNSUPPORTED,BLANK,,weak: the page was read and does not state it for this edition; it may still be right,,,the page states nothing for this field and edition,the honest blank for a hint nothing supports
Cybersecurity,2026-secureworld-new-york-city-new-york,SecureWorld New York City 2026,LOCATION,"New York, New York, USA",DIFFERS,REPLACE,"city New York City, country United States","page states another value, verbatim quote","New York City, NY 2026 2026-10-29 2026-10-29",https://www.secureworld.io/,differs in city,venue text of the old value is not kept; the reviewer edits by hand
Cybersecurity,2026-secureworld-new-york-city-new-york,SecureWorld New York City 2026,SUBMISSION DEADLINE,8/29/2026,UNSUPPORTED,BLANK,,weak: the page was read and does not state it for this edition; it may still be right,,,the page states nothing for this field and edition,the honest blank for a hint nothing supports
Cybersecurity,2026-secureworld-seattle-bellevue,SecureWorld Seattle 2026,LOCATION,"Seattle, Washington, USA",UNSUPPORTED,BLANK,,weak: the page was read and does not state it for this edition; it may still be right,"Seattle, WA 2026-11-04 2026-11-05",https://www.secureworld.io/,only the city is proven (it agrees); the other part is not,the honest blank for a hint nothing supports
Cybersecurity,2026-secureworld-seattle-bellevue,SecureWorld Seattle 2026,SUBMISSION DEADLINE,9/4/2026,UNSUPPORTED,BLANK,,weak: the page was read and does not state it for this edition; it may still be right,,,the page states nothing for this field and edition,the honest blank for a hint nothing supports
Cybersecurity,2026-secureworld-east-virtual,SecureWorld East 2026,LOCATION,Virtual,UNSUPPORTED,BLANK,,weak: the page was read and does not state it for this edition; it may still be right,,,the page states nothing for this field and edition,the honest blank for a hint nothing supports
Cybersecurity,2026-secureworld-east-virtual,SecureWorld East 2026,SUBMISSION DEADLINE,10/4/2026,UNSUPPORTED,BLANK,,weak: the page was read and does not state it for this edition; it may still be right,,,the page states nothing for this field and edition,the honest blank for a hint nothing supports
Cybersecurity,2026-secureworld-twin-cities-bloomington,SecureWorld Twin Cities 2026,SUBMISSION DEADLINE,9/19/2026,UNSUPPORTED,BLANK,,weak: the page was read and does not state it for this edition; it may still be right,,,the page states nothing for this field and edition,the honest blank for a hint nothing supports
Cybersecurity,2026-secureworld-government-critical-infrastructure-virtual,SecureWorld Government & Critical Infrastructure 2026,LOCATION,Virtual,UNSUPPORTED,BLANK,,weak: the page was read and does not state it for this edition; it may still be right,,,the page states nothing for this field and edition,the honest blank for a hint nothing supports
Cybersecurity,2026-secureworld-government-critical-infrastructure-virtual,SecureWorld Government & Critical Infrastructure 2026,SUBMISSION DEADLINE,10/28/2026,UNSUPPORTED,BLANK,,weak: the page was read and does not state it for this edition; it may still be right,,,the page states nothing for this field and edition,the honest blank for a hint nothing supports
Cybersecurity,2027-black-hat-asia-summits-singapore,Black Hat Asia 2027 (Call for Summits Sessions),START DATE,3/1/2027,UNSUPPORTED,BLANK,,weak: the page was read and does not state it for this edition; it may still be right,,,the page states nothing for this field and edition,the honest blank for a hint nothing supports
Cybersecurity,2027-black-hat-asia-summits-singapore,Black Hat Asia 2027 (Call for Summits Sessions),CONFERENCE DATES,"March 1, 2027",UNSUPPORTED,BLANK,,weak: the page was read and does not state it for this edition; it may still be right,,,the page states nothing for this field and edition,the honest blank for a hint nothing supports
Cybersecurity,2027-black-hat-asia-summits-singapore,Black Hat Asia 2027 (Call for Summits Sessions),LOCATION,"Marina Bay Sands, Singapore",UNSUPPORTED,BLANK,,weak: the page was read and does not state it for this edition; it may still be right,,,the page states nothing for this field and edition,the honest blank for a hint nothing supports
Cybersecurity,2027-black-hat-asia-briefings-singapore,Black Hat Asia 2027 (Call for Briefings),SUBMISSION DEADLINE,,FILLS,FILL,10/20/2026,page states a value for a blank,Call for Briefings Closes: 20 October 2026 (23:59 Singapore Time GMT/UTC +8h),https://blackhat.com/call-for-papers.html,ok,
Cybersecurity,2027-sans-cyber-threat-intelligence-osint-summit-alexandria,SANS Cyber Threat Intelligence Summit and OSINT Summit,START DATE,2/1/2027,UNSUPPORTED,BLANK,,weak: the page was read and does not state it for this edition; it may still be right,,,"the quote does not state that day, month and year",the honest blank for a hint nothing supports
Cybersecurity,2027-sans-cyber-threat-intelligence-osint-summit-alexandria,SANS Cyber Threat Intelligence Summit and OSINT Summit,CONFERENCE DATES,"February 1-2, 2027",UNSUPPORTED,BLANK,,weak: the page was read and does not state it for this edition; it may still be right,,,"the quote does not state that day, month and year",the honest blank for a hint nothing supports
Cybersecurity,2027-sans-cyber-threat-intelligence-osint-summit-alexandria,SANS Cyber Threat Intelligence Summit and OSINT Summit,SUBMISSION DEADLINE,,FILLS,FILL,10/19/2026,page states a value for a blank,"Deadline for submission is October 19, 2026.",https://www.sans.org/cyber-security-summit/speak-at-a-summit,ok,
Cybersecurity,2027-troopers-27-heidelberg,TROOPERS27,CONFERENCE DATES,2027,UNSUPPORTED,BLANK,,weak: the page was read and does not state it for this edition; it may still be right,,,the page states nothing for this field and edition,the honest blank for a hint nothing supports
Cybersecurity,2027-troopers-27-heidelberg,TROOPERS27,LOCATION,"Heidelberg, Germany",UNSUPPORTED,BLANK,,weak: the page was read and does not state it for this edition; it may still be right,,,the page states nothing for this field and edition,the honest blank for a hint nothing supports
Cybersecurity,2027-owasp-boston-application-security-conference-boston-speaking,OWASP Boston Application Security Conference (BASC 2027),LOCATION,"Boston, MA, USA",DIFFERS,REPLACE,city Cambridge,"page states another value, verbatim quote","50 Broadway, Cambridge MA 02142",https://basconf.org/,differs in city,venue text of the old value is not kept; the reviewer edits by hand
Cybersecurity,2027-owasp-boston-application-security-conference-boston-speaking,OWASP Boston Application Security Conference (BASC 2027),SUBMISSION DEADLINE,,FILLS,FILL,1/15/2027,page states a value for a blank,"Jan 15, 2027

Call for Papers closes

Submissions due by 11:59 PM EST.",https://basconf.org/,ok,
Cybersecurity,2027-aaiml-conference-london-speaking,AAIML Conference 2027,SUBMISSION DEADLINE,,FILLS,FILL,10/10/2026,page states a value for a blank,"Submission Deadline October 10, 2026",https://aaiml.net/,ok,
Cybersecurity,2026-icrai-international-conference-robotics-ai-guangzhou-speaking,ICRAI 2026: International Conference on Robotics and Artificial Intelligence,SUBMISSION DEADLINE,,FILLS,FILL,10/10/2026,page states a value for a blank,"Submission Deadline: October 10, 2026",https://www.icrai.org/,ok,
Cybersecurity,2026-raai-international-conference-robotics-automation-ai-singapore-speaking,"RAAI 2026: International Conference on Robotics, Automation and Artificial Intelligence",START DATE,12/18/2026,UNSUPPORTED,BLANK,,weak: the page was read and does not state it for this edition; it may still be right,,,the page states nothing for this field and edition,the honest blank for a hint nothing supports
Cybersecurity,2026-raai-international-conference-robotics-automation-ai-singapore-speaking,"RAAI 2026: International Conference on Robotics, Automation and Artificial Intelligence",CONFERENCE DATES,"December 18-20, 2026",UNSUPPORTED,BLANK,,weak: the page was read and does not state it for this edition; it may still be right,,,"the page states nothing for this field and edition; first day not proven, last day proven",the honest blank for a hint nothing supports
Cybersecurity,2026-raai-international-conference-robotics-automation-ai-singapore-speaking,"RAAI 2026: International Conference on Robotics, Automation and Artificial Intelligence",SUBMISSION DEADLINE,,FILLS,FILL,10/10/2026,page states a value for a blank,"Submission Deadline: October 10th, 2026",https://raai.net/,ok,
Cybersecurity,2027-ai-con-usa-las-vegas-speaking,AI Con USA 2027,START DATE,6/6/2027,UNSUPPORTED,BLANK,,weak: the page was read and does not state it for this edition; it may still be right,,,the page states nothing for this field and edition,the honest blank for a hint nothing supports
Cybersecurity,2027-ai-con-usa-las-vegas-speaking,AI Con USA 2027,CONFERENCE DATES,"June 6-11, 2027",UNSUPPORTED,BLANK,,weak: the page was read and does not state it for this edition; it may still be right,,,"the page states nothing for this field and edition; first day not proven, last day proven",the honest blank for a hint nothing supports
Cybersecurity,2027-ai-con-usa-las-vegas-speaking,AI Con USA 2027,LOCATION,"Seattle, WA, USA",UNSUPPORTED,BLANK,,weak: the page was read and does not state it for this edition; it may still be right,"SEATTLE, WA + ONLINE",https://aiconusa.techwell.com/,only the city is proven (it agrees); the other part is not,the honest blank for a hint nothing supports
Cybersecurity,2027-mwc-barcelona-appworld-barcelona-speaking,AppWorld (MWC Mobile World Congress 2027),LOCATION,"Barcelona, Spain",UNSUPPORTED,BLANK,,weak: the page was read and does not state it for this edition; it may still be right,"Fira Gran Via, Barcelona",https://www.mwcbarcelona.com/,only the city is proven (it agrees); the other part is not,the honest blank for a hint nothing supports
Cybersecurity,2027-odsc-east-boston-speaking,ODSC East 2027 (Open Data Science Conference),START DATE,,FILLS,FILL,5/10/2027,page states a value for a blank,"Menino Convention and Exhibition Center, Boston, MA | May 10-12th, 2027",https://odsc.ai/east/,ok,
Cybersecurity,2027-odsc-east-boston-speaking,ODSC East 2027 (Open Data Science Conference),CONFERENCE DATES,,FILLS,FILL,"May 10 - May 12, 2027",page states a value for a blank,"Menino Convention and Exhibition Center, Boston, MA | May 10-12th, 2027",https://odsc.ai/east/,ok,
Cybersecurity,2026-aaai-acm-conference-ai-ethics-society-malmo-speaking,AAAI/ACM Conference on AI Ethics & Society,CONFERENCE DATES,,FILLS,FILL,"October 12 - October 14, 2026",page states a value for a blank,"October 12-14, 2026",https://www.aies-conference.com/2026/,ok,
Cybersecurity,2026-ai-big-data-congress-barcelona-speaking,AI & Big Data Congress,START DATE,10/20/2026,UNSUPPORTED,BLANK,,weak: the page was read and does not state it for this edition; it may still be right,,,"the quote does not state that day, month and year",the honest blank for a hint nothing supports
Cybersecurity,2026-ai-big-data-congress-barcelona-speaking,AI & Big Data Congress,LOCATION,"L'illa Auditorium, Barcelona, Spain",UNSUPPORTED,BLANK,,weak: the page was read and does not state it for this edition; it may still be right,Barcelona,https://aicongress.barcelona/en/,only the city is proven (it agrees); the other part is not,the honest blank for a hint nothing supports
Cybersecurity,2026-cdao-fall-boston-speaking,CDAO Fall,CONFERENCE DATES,,FILLS,FILL,"October 26 - October 27, 2026",page states a value for a blank,"October 26-27, 2026",https://cdao-fall.coriniumintelligence.com/,ok,
Cybersecurity,2026-cdao-fall-boston-speaking,CDAO Fall,LOCATION,"Renaissance Boston Seaport District, Boston, Massachusetts, USA",UNSUPPORTED,BLANK,,weak: the page was read and does not state it for this edition; it may still be right,Renaissance Boston Seaport District,https://cdao-fall.coriniumintelligence.com/,only the city is proven (it agrees); the other part is not,the honest blank for a hint nothing supports
Cybersecurity,2026-ai-native-devcon-nyc-new-york-speaking,AI Native DevCon NYC 2026,CONFERENCE DATES,,FILLS,FILL,"November 2 - November 4, 2026",page states a value for a blank,aiDevCon 2 — 4 November 2026,https://tessl.io/devcon,ok,
Cybersecurity,2026-ai-native-devcon-nyc-new-york-speaking,AI Native DevCon NYC 2026,LOCATION,"Industry City, Building 5, 268 36th Street, Brooklyn, New York, United States",UNSUPPORTED,BLANK,,weak: the page was read and does not state it for this edition; it may still be right,Three days in Brooklyn for the people putting agents to work in real codebases.,https://tessl.io/devcon,only the city is proven (it agrees); the other part is not,the honest blank for a hint nothing supports
Cybersecurity,2026-ai-native-devcon-nyc-new-york-speaking,AI Native DevCon NYC 2026,SUBMISSION DEADLINE,,FILLS,FILL,10/1/2026,page states a value for a blank,Rolling review. Closes 1st Oct 2026.,https://tessl.io/devcon,ok,
Cybersecurity,2026-ai-world-congress-london-speaking,AI World Congress,CONFERENCE DATES,,FILLS,FILL,"November 25 - November 26, 2026",page states a value for a blank,November 25-26,https://aiconference.london/,ok,
Cybersecurity,2026-ai-world-congress-london-speaking,AI World Congress,LOCATION,"The Great Hall, Kensington Conference and Events Centre, Hornton St, Kensington, London W8",DIFFERS,REPLACE,"city London, country UK","page states another value, verbatim quote",London || UK,https://aiconference.london/,differs in country,venue text of the old value is not kept; the reviewer edits by hand
Cybersecurity,2026-owasp-benelux-eindhoven-speaking,OWASP BeNeLux,CONFERENCE DATES,,FILLS,FILL,"November 26, 2026",page states a value for a blank,Conference Day 26/11/2026,https://2026.owaspbenelux.eu/,ok,
Cybersecurity,2026-aws-reinvent-las-vegas-speaking,AWS re: Invent,START DATE,11/30/2026,UNSUPPORTED,BLANK,,weak: the page was read and does not state it for this edition; it may still be right,,,"the quote does not state that day, month and year",the honest blank for a hint nothing supports
Cybersecurity,2026-aws-reinvent-las-vegas-speaking,AWS re: Invent,LOCATION,"Las Vegas, NV",DIFFERS,REPLACE,"city Las Vegas, country United States","page states another value, verbatim quote","Join us Nov. 30 – Dec. 4 in Las Vegas for cloud and AI's biggest week. || Nov. 30 – Dec. 4 | Las Vegas, NV",https://aws.amazon.com/events/reinvent/,differs in country,venue text of the old value is not kept; the reviewer edits by hand
Cybersecurity,2026-cyber-security-summit-jacksonville-jacksonville-speaking,Cyber Security Summit Jacksonville,CONFERENCE DATES,,FILLS,FILL,"December 2, 2026",page states a value for a blank,"Wednesday, December 2, 2026 || Wednesday, December 2, 2026 8:00 AM - 6:00 PM EST",https://cyberriskalliance.swoogo.com/jacksonville-dec-2026,ok,
Cybersecurity,2026-cyber-security-summit-jacksonville-jacksonville-speaking,Cyber Security Summit Jacksonville,LOCATION,"Sawgrass Marriott Golf Resort & Spa, 1000 Tournament Players Club Blvd, Ponte Vedra Beach,",DIFFERS,REPLACE,"city Ponte Vedra Beach, country United States","page states another value, verbatim quote","Ponte Vedra Beach, FL 32082",https://cyberriskalliance.swoogo.com/jacksonville-dec-2026,differs in country,venue text of the old value is not kept; the reviewer edits by hand
Cybersecurity,2026-black-hat-europe-london-speaking,Black Hat Europe,CONFERENCE DATES,,FILLS,FILL,"December 7 - December 10, 2026",page states a value for a blank,"Black Hat Europe returns to the Excel in London with a four-day program, 7-10 December 2026.",https://blackhat.com/europe/,ok,
Cybersecurity,2026-black-hat-europe-london-speaking,Black Hat Europe,LOCATION,"ExCel London, United Kingdom",UNSUPPORTED,BLANK,,weak: the page was read and does not state it for this edition; it may still be right,LONDON,https://blackhat.com/europe/,only the city is proven (it agrees); the other part is not,the honest blank for a hint nothing supports
Cybersecurity,2026-gitex-global-dubai-speaking,GITEX Global,CONFERENCE DATES,,FILLS,FILL,"December 7 - December 11, 2026",page states a value for a blank,GITEX GLOBAL | 7-11 DEC 2026 | DUBAI,https://www.gitex.com/,ok,
Cybersecurity,2026-gitex-global-dubai-speaking,GITEX Global,LOCATION,"Expo City Dubai, Dubai, UAE",UNSUPPORTED,BLANK,,weak: the page was read and does not state it for this edition; it may still be right,DUBAI,https://www.gitex.com/,only the city is proven (it agrees); the other part is not,the honest blank for a hint nothing supports
Cybersecurity,2026-ai-summit-new-york-new-york-speaking,AI Summit New York,CONFERENCE DATES,,FILLS,FILL,"December 9 - December 10, 2026",page states a value for a blank,"December 9-10, 2026 | Javits Center, New York",https://newyork.theaisummit.com/,ok,
Cybersecurity,2026-ai-summit-new-york-new-york-speaking,AI Summit New York,LOCATION,"Javits Center, New York, NY 10001",UNSUPPORTED,BLANK,,weak: the page was read and does not state it for this edition; it may still be right,"Javits Center, New York",https://newyork.theaisummit.com/,only the city is proven (it agrees); the other part is not,the honest blank for a hint nothing supports
Cybersecurity,2027-ai-big-data-expo-global-london-speaking,AI & Big Data Expo Global,CONFERENCE DATES,,FILLS,FILL,"February 3 - February 4, 2027",page states a value for a blank,3-4 FEBRUARY 2027,https://www.ai-expo.net/global/,ok,
Cybersecurity,2027-official-cybersecurity-summit-atlanta-speaking,The Official Cybersecurity Summit,CONFERENCE DATES,,FILLS,FILL,"February 4, 2027",page states a value for a blank,"February 4, 2027 | 8:00AM - 6:00PM",https://cybersecuritysummit.com/summit/atlanta-3/,ok,
Cybersecurity,2027-official-cybersecurity-summit-atlanta-speaking,The Official Cybersecurity Summit,LOCATION,To Be Announced,DIFFERS,REPLACE,city Atlanta,"page states another value, verbatim quote",Atlanta 2027 Grand Hyatt Atlanta in Buckhead,https://cybersecuritysummit.com/summit/atlanta-3/,differs in city,venue text of the old value is not kept; the reviewer edits by hand
Cybersecurity,2027-ai-dev-world-developerweek-san-francisco-speaking,AI Dev World DeveloperWeek,CONFERENCE DATES,,FILLS,FILL,"February 9 - February 11, 2027",page states a value for a blank,"Feb 9-11, 2027 Santa Clara, CA",https://www.developerweek.com/ai-devworld/,ok,
Cybersecurity,2027-ai-dev-world-developerweek-san-francisco-speaking,AI Dev World DeveloperWeek,LOCATION,"Santa Clara Convention Center, Santa Clara, CA",DIFFERS,REPLACE,"city Santa Clara, country United States","page states another value, verbatim quote","Santa Clara, CA || Feb 9-11, 2027 Santa Clara, CA",https://www.developerweek.com/ai-devworld/,differs in country,venue text of the old value is not kept; the reviewer edits by hand
Cybersecurity,2027-appsec-devsecops-sydney-speaking,AppSec & DevSecOps (Corinium),CONFERENCE DATES,,FILLS,FILL,"February 10, 2027",page states a value for a blank,JOIN US 10 February 2027 AppSec & DevSecOps Sydney,https://appsec-devsecops-syd.coriniumintelligence.com/,ok,
Cybersecurity,2027-appsec-devsecops-sydney-speaking,AppSec & DevSecOps (Corinium),LOCATION,"Sydney, Australia",UNSUPPORTED,BLANK,,weak: the page was read and does not state it for this edition; it may still be right,AppSec & DevSecOps Sydney,https://appsec-devsecops-syd.coriniumintelligence.com/,only the city is proven (it agrees); the other part is not,the honest blank for a hint nothing supports
Cybersecurity,2027-zero-trust-world-ztw-orlando-speaking,Zero Trust World (ZTW by Threatlocker),CONFERENCE DATES,,FILLS,FILL,"February 17 - February 19, 2027",page states a value for a blank,"February 17-19, 2027",https://ztw.com/,ok,
Cybersecurity,2027-zero-trust-world-ztw-orlando-speaking,Zero Trust World (ZTW by Threatlocker),LOCATION,"Loews Meeting Complex at Universal Orlando, Orlando, FL",DIFFERS,REPLACE,"city Orlando, country United States","page states another value, verbatim quote","Orlando, FL || February 17-19, 2027 Orlando, FL",https://ztw.com/,differs in country,venue text of the old value is not kept; the reviewer edits by hand
Cybersecurity,2027-humanx-las-vegas-speaking,HumanX,CONFERENCE DATES,,FILLS,FILL,"March 7 - March 10, 2027",page states a value for a blank,"Las Vegas | March 7-10, 2027",https://www.humanx.co/us,ok,
Cybersecurity,2027-humanx-las-vegas-speaking,HumanX,LOCATION,"Mandalay Bay, Las Vegas, NV",UNSUPPORTED,BLANK,,weak: the page was read and does not state it for this edition; it may still be right,"Las Vegas | March 7-10, 2027",https://www.humanx.co/us,only the city is proven (it agrees); the other part is not,the honest blank for a hint nothing supports
Cybersecurity,2027-appworld-incyber-forum-lille-speaking,AppWorld InCyber Forum,CONFERENCE DATES,,FILLS,FILL,"March 9 - March 11, 2027",page states a value for a blank,"MARCH 9-11, 2027 LILLE, FRANCE",https://europe.forum-incyber.com/en/home-en/,ok,
Cybersecurity,2027-appworld-cybersecurity-conference-las-vegas-speaking,AppWorld Cybersecurity Conference,CONFERENCE DATES,,FILLS,FILL,"March 16 - March 18, 2027",page states a value for a blank,"Save the date! March 16–18, 2027 at Fontainebleau Las Vegas",https://www.f5.com/appworld,ok,
Cybersecurity,2027-appworld-cybersecurity-conference-las-vegas-speaking,AppWorld Cybersecurity Conference,LOCATION,Fontainebleau Las Vegas,UNSUPPORTED,BLANK,,weak: the page was read and does not state it for this edition; it may still be right,"Save the date! March 16–18, 2027 at Fontainebleau Las Vegas",https://www.f5.com/appworld,only the city is proven (it agrees); the other part is not,the honest blank for a hint nothing supports
Cybersecurity,2027-qcon-london-speaking,QCon London,CONFERENCE DATES,,FILLS,FILL,"April 13 - April 15, 2027",page states a value for a blank,"Conference: April 13-15, 2027",https://qconlondon.com/,ok,
Cybersecurity,2027-qcon-london-speaking,QCon London,LOCATION,"The Queen Elizabeth II Conference Centre, Broad Sanctuary, Westminster, London SW1P 3EE",UNSUPPORTED,BLANK,,weak: the page was read and does not state it for this edition; it may still be right,"The QEII Centre, London",https://qconlondon.com/,only the city is proven (it agrees); the other part is not,the honest blank for a hint nothing supports
Cybersecurity,2027-aistats-conference-ai-statistics-valencia-speaking,AISTATS Conference on AI and Statistics,CONFERENCE DATES,,FILLS,FILL,"May 3 - May 6, 2027",page states a value for a blank,"May 3rd - 6th, 2027",https://virtual.aistats.org/,ok,
Cybersecurity,2027-aistats-conference-ai-statistics-valencia-speaking,AISTATS Conference on AI and Statistics,SUBMISSION DEADLINE,,FILLS,FILL,9/29/2026,page states a value for a blank,Abstract Submission Deadline Sep 29 '26 (Anywhere on Earth),https://virtual.aistats.org/,ok,
Cybersecurity,2027-impact-days-vienna-speaking,Impact Hub Vienna,START DATE,5/10/2027,UNSUPPORTED,BLANK,,weak: the page was read and does not state it for this edition; it may still be right,,,the page states nothing for this field and edition,the honest blank for a hint nothing supports
Cybersecurity,2027-impact-days-vienna-speaking,Impact Hub Vienna,LOCATION,"Vienna, Austria",UNSUPPORTED,BLANK,,weak: the page was read and does not state it for this edition; it may still be right,"ViennaUP brings together founders, investors, and changemakers for a week of powerful exchange in Vienna from May 10 to May 14, 2027.",https://impactdays.at/,only the city is proven (it agrees); the other part is not,the honest blank for a hint nothing supports
Cybersecurity,2027-emtech-ai-cambridge-speaking,EmTech AI,CONFERENCE DATES,,FILLS,FILL,"May 11 - May 13, 2027",page states a value for a blank,"Tuesday, May 11, 2027 || Thursday, May 13, 2027",https://event.technologyreview.com/emtech-ai-2027/,ok,
Cybersecurity,2027-emtech-ai-cambridge-speaking,EmTech AI,LOCATION,"MIT Media Lab, Cambridge, MA",DIFFERS,REPLACE,"city Cambridge, country United States","page states another value, verbatim quote","Cambridge, MA || EmTech AI 2027 in Cambridge, MA",https://event.technologyreview.com/emtech-ai-2027/,differs in country,venue text of the old value is not kept; the reviewer edits by hand
Cybersecurity,2027-secure-360-conference-prior-lake-speaking,Secure 360 Conference,CONFERENCE DATES,,FILLS,FILL,"May 12 - May 13, 2027",page states a value for a blank,"May 12, 2027 - May 13, 2027",https://www.secure360.org/,ok,
Cybersecurity,2027-secure-360-conference-prior-lake-speaking,Secure 360 Conference,LOCATION,"Mystic Lake Center, Prior Lake, MN",DIFFERS,REPLACE,"city Prior Lake, country United States","page states another value, verbatim quote","Mystic Lake Center in Prior Lake, MN",https://www.secure360.org/,differs in country,venue text of the old value is not kept; the reviewer edits by hand
Cybersecurity,2027-open-source-summit-north-america-denver-speaking,Open Source Summit North America,CONFERENCE DATES,,FILLS,FILL,"May 17 - May 19, 2027",page states a value for a blank,"May 17-19, 2027",https://events.linuxfoundation.org/open-source-summit-north-america/,ok,
Cybersecurity,2027-open-source-summit-north-america-denver-speaking,Open Source Summit North America,LOCATION,"Vancouver, BC, Canada",UNSUPPORTED,BLANK,,weak: the page was read and does not state it for this edition; it may still be right,Vancouver,https://events.linuxfoundation.org/open-source-summit-north-america/,only the city is proven (it agrees); the other part is not,the honest blank for a hint nothing supports
Cybersecurity,2027-sans-ics-security-summit-orlando-speaking,SANS ICS Security Summit & Training,START DATE,6/7/2027,UNSUPPORTED,BLANK,,weak: the page was read and does not state it for this edition; it may still be right,,,the page states nothing for this field and edition,the honest blank for a hint nothing supports
Cybersecurity,2027-sans-ics-security-summit-orlando-speaking,SANS ICS Security Summit & Training,LOCATION,"Disney?s Contemporary Resort & Virtual (ET), 4600 North World Drive, Lake Buena Vista, FL",UNSUPPORTED,BLANK,,weak: the page was read and does not state it for this edition; it may still be right,,,the page states nothing for this field and edition,the honest blank for a hint nothing supports
Cybersecurity,2027-ai-summit-london-speaking,The AI Summit London,CONFERENCE DATES,,FILLS,FILL,"June 9 - June 10, 2027",page states a value for a blank,"9-10 June 2027 | Tobacco Dock, London",https://london.theaisummit.com/,ok,
Cybersecurity,2027-ai-summit-london-speaking,The AI Summit London,LOCATION,"Tobacco Dock, Tobacco Quay, Wapping Lane, London E1W 2SF, UK",UNSUPPORTED,BLANK,,weak: the page was read and does not state it for this edition; it may still be right,"9-10 June 2027 | Tobacco Dock, London",https://london.theaisummit.com/,only the city is proven (it agrees); the other part is not,the honest blank for a hint nothing supports
Cybersecurity,2027-cyber-security-congress-north-america-santa-clara-speaking,Cyber Security Congress North America / TechEx,START DATE,6/16/2027,UNSUPPORTED,BLANK,,weak: the page was read and does not state it for this edition; it may still be right,,,the page states nothing for this field and edition,the honest blank for a hint nothing supports
Cybersecurity,2027-cyber-security-congress-north-america-santa-clara-speaking,Cyber Security Congress North America / TechEx,LOCATION,"San Jose McEnery Convention Center, 150 W San Carlos St, San Jose, CA 95113, United States",UNSUPPORTED,BLANK,,weak: the page was read and does not state it for this edition; it may still be right,,,the page states nothing for this field and edition,the honest blank for a hint nothing supports
Cybersecurity,2027-ai-big-data-expo-north-america-santa-clara-speaking,AI & Big Data Expo North America,CONFERENCE DATES,,FILLS,FILL,"June 16 - June 17, 2027",page states a value for a blank,"June 16-17, 2027",https://www.ai-expo.net/northamerica/,ok,
Cybersecurity,2027-ai-for-good-global-summit-geneva-speaking,AI For Good Global Summit,CONFERENCE DATES,,FILLS,FILL,"June 21 - June 24, 2027",page states a value for a blank,21–24 June 2027,https://aiforgood.itu.int/summit27/,ok,
Cybersecurity,2027-ai-for-good-global-summit-geneva-speaking,AI For Good Global Summit,LOCATION,"Palexpo, Route Fran?ois-Peyrot 30, CH-1218 Le Grand-Saconnex, Geneva, Switzerland",UNSUPPORTED,BLANK,,weak: the page was read and does not state it for this edition; it may still be right,"Palexpo, Geneva",https://aiforgood.itu.int/summit27/,only the city is proven (it agrees); the other part is not,the honest blank for a hint nothing supports
Cybersecurity,2027-data-ai-summit-san-francisco-speaking,Data + AI Summit,CONFERENCE DATES,,FILLS,FILL,"June 21 - June 24, 2027",page states a value for a blank,"June 21–24, 2027 / San Francisco + Virtual",https://www.databricks.com/dataaisummit,ok,
Cybersecurity,2027-data-ai-summit-san-francisco-speaking,Data + AI Summit,LOCATION,San Francisco + Virtual,DIFFERS,REPLACE,"city San Francisco, country United States","page states another value, verbatim quote","The conference will take place at Moscone North, West and South (the address is 747 Howard Street, San Francisco, CA 94103).",https://www.databricks.com/dataaisummit,differs in country,venue text of the old value is not kept; the reviewer edits by hand
Cybersecurity,2027-ecml-pkdd-wuerzburg-speaking,ECML PKDD European Conference on Machine Learning and Principles and Practice of Knowledge Discovery in Databases,CONFERENCE DATES,,FILLS,FILL,"August 30 - September 3, 2027",page states a value for a blank,30 August to 3 September 2027,https://ecmlpkdd.org/2027/,ok,
Cybersecurity,2027-ai-infra-summit-san-jose-speaking,AI Infra Summit,CONFERENCE DATES,,FILLS,FILL,"August 31 - September 2, 2027",page states a value for a blank,"Aug 31 - Sept 2, 2027",https://www.ai-infra-summit.com/,ok,
Cybersecurity,2027-ai-infra-summit-san-jose-speaking,AI Infra Summit,LOCATION,San Jose McEnery Convention Center,UNSUPPORTED,BLANK,,weak: the page was read and does not state it for this edition; it may still be right,San Jose McEnery Convention Center,https://www.ai-infra-summit.com/,only the city is proven (it agrees); the other part is not,the honest blank for a hint nothing supports
Cybersecurity,2027-kubecon-cloudnativecon-north-america-chicago-speaking,KubeCon + CloudNativeCon North America,START DATE,11/8/2027,UNSUPPORTED,BLANK,,weak: the page was read and does not state it for this edition; it may still be right,,,"the quote does not state that day, month and year",the honest blank for a hint nothing supports
Cybersecurity,2027-tmls-toronto-machine-learning-summit-toronto-speaking,TMLS Toronto Machine Learning Summit,START DATE,6/16/2027,UNSUPPORTED,BLANK,,weak: the page was read and does not state it for this edition; it may still be right,,,the page states nothing for this field and edition; the page text never mentions 2027 (it shows 2026),the honest blank for a hint nothing supports
Cybersecurity,2027-tmls-toronto-machine-learning-summit-toronto-speaking,TMLS Toronto Machine Learning Summit,LOCATION,"Toronto, Canada",UNSUPPORTED,BLANK,,weak: the page was read and does not state it for this edition; it may still be right,,,the page states nothing for this field and edition; the page text never mentions 2027 (it shows 2026),the honest blank for a hint nothing supports
Cybersecurity,2027-upfront-summit-los-angeles-speaking,Upfront Summit,LOCATION,"Los Angeles, CA",UNSUPPORTED,BLANK,,weak: the page was read and does not state it for this edition; it may still be right,,,the page states nothing for this field and edition,the honest blank for a hint nothing supports
Cybersecurity,2027-chief-ai-officer-summit-uk-london-speaking,Chief AI Officer Summit UK,START DATE,2/23/2027,UNSUPPORTED,BLANK,,weak: the page was read and does not state it for this edition; it may still be right,,,the page states nothing for this field and edition; the page text never mentions 2027,the honest blank for a hint nothing supports
Cybersecurity,2027-chief-ai-officer-summit-uk-london-speaking,Chief AI Officer Summit UK,LOCATION,"The Minster Building, London, UK",UNSUPPORTED,BLANK,,weak: the page was read and does not state it for this edition; it may still be right,,,the page states nothing for this field and edition; the page text never mentions 2027,the honest blank for a hint nothing supports
Cybersecurity,2027-enterprise-ai-singapore-speaking,Enterprise AI Singapore (Corinium),START DATE,4/14/2027,UNSUPPORTED,BLANK,,weak: the page was read and does not state it for this edition; it may still be right,,,the page states nothing for this field and edition,the honest blank for a hint nothing supports
Cybersecurity,2027-planet-cyber-sec-conference-san-jose-speaking,Planet Cyber Sec Conference,START DATE,2/1/2027,DIFFERS,REPLACE,3/3/2027,"page states another value, verbatim quote","March 3, 2027 Planet Cyber Sec AI - Conference Orange County, CA",https://planetcybersec.com/,ok,
Cybersecurity,2027-planet-cyber-sec-conference-san-jose-speaking,Planet Cyber Sec Conference,LOCATION,"Orange County, CA",DIFFERS,REPLACE,country United States,"page states another value, verbatim quote","March 3, 2027 Planet Cyber Sec AI - Conference Orange County, CA",https://planetcybersec.com/,differs in country,venue text of the old value is not kept; the reviewer edits by hand
Cybersecurity,2027-google-cloud-next-las-vegas-speaking,Google Cloud Next Las Vegas 2027,CONFERENCE DATES,,FILLS,FILL,"April 13 - April 15, 2027",page states a value for a blank,"April 13-15, 2027",https://cloud.google.com/next,ok,
Cybersecurity,2027-google-cloud-next-las-vegas-speaking,Google Cloud Next Las Vegas 2027,LOCATION,"Las Vegas, NV, USA",UNSUPPORTED,BLANK,,weak: the page was read and does not state it for this edition; it may still be right,"Mandalay Bay Convention Center, Las Vegas",https://cloud.google.com/next,only the city is proven (it agrees); the other part is not,the honest blank for a hint nothing supports
Cybersecurity,2027-cdao-defense-security-washington-speaking,CDAO Defense & Security 2027,CONFERENCE DATES,,FILLS,FILL,"September 22 - September 23, 2027",page states a value for a blank,"JOIN US September 22-23, 2027 | Washington, D.C.",https://cdao-def.coriniumintelligence.com/,ok,
Cybersecurity,2027-cdao-defense-security-washington-speaking,CDAO Defense & Security 2027,LOCATION,"Washington, DC, USA",DIFFERS,REPLACE,"city Washington, D.C.","page states another value, verbatim quote","JOIN US September 22-23, 2027 | Washington, D.C.",https://cdao-def.coriniumintelligence.com/,differs in city,venue text of the old value is not kept; the reviewer edits by hand
Cybersecurity,2027-gartner-identity-access-management-summit-london-speaking,Gartner Identity & Access Management Summit,CONFERENCE DATES,,FILLS,FILL,"March 8 - March 9, 2027",page states a value for a blank,8 – 9 March 2027,https://www.gartner.com/en/conferences/emea/identity-access-management-uk,ok,
Cybersecurity,2027-gartner-security-risk-management-summit-tokyo-speaking,Gartner Security & Risk Management Summit (Tokyo),START DATE,7/21/2027,UNSUPPORTED,BLANK,,weak: the page was read and does not state it for this edition; it may still be right,,,the page states nothing for this field and edition,the honest blank for a hint nothing supports
Cybersecurity,2027-gartner-security-risk-management-summit-tokyo-speaking,Gartner Security & Risk Management Summit (Tokyo),LOCATION,"Grand Nikko Tokyo Daiba, Tokyo, Japan",UNSUPPORTED,BLANK,,weak: the page was read and does not state it for this edition; it may still be right,,,the page states nothing for this field and edition,the honest blank for a hint nothing supports
Cybersecurity,2027-wild-west-hackin-fest-mile-high-denver-speaking,Wild West Hackin' Fest @ Mile High,CONFERENCE DATES,,FILLS,FILL,"February 17 - February 19, 2027",page states a value for a blank,"Live and Virtual Conference February 17-19, 2027",https://wildwesthackinfest.com/wild-west-hackin-fest-mile-high-2027/,ok,
Cybersecurity,2027-wild-west-hackin-fest-mile-high-denver-speaking,Wild West Hackin' Fest @ Mile High,LOCATION,"Sheraton Denver Downtown Hotel, 1550 Court Pl, Denver, CO 80202",DIFFERS,REPLACE,"city Denver, country United States","page states another value, verbatim quote","1550 Court Pl, Denver, CO 80202 || Location : Sheraton Denver Downtown Hotel 1550 Court Pl, Denver, CO 80202",https://wildwesthackinfest.com/wild-west-hackin-fest-mile-high-2027/,differs in country,venue text of the old value is not kept; the reviewer edits by hand
Cybersecurity,2026-odsc-west-burlingame-speaking,ODSC Open Data Science Conference West,START DATE,10/27/2026,UNSUPPORTED,BLANK,,weak: the page was read and does not state it for this edition; it may still be right,,,"the quote does not state that day, month and year",the honest blank for a hint nothing supports
Cybersecurity,2026-odsc-west-burlingame-speaking,ODSC Open Data Science Conference West,LOCATION,"Hyatt Regency SFO, 1333 Old Bayshore Hwy, Burlingame, CA 94010, USA",DIFFERS,REPLACE,city San Francisco,"page states another value, verbatim quote",SAN FRANCISCO,https://odsc.ai/west/,differs in city,venue text of the old value is not kept; the reviewer edits by hand
Cybersecurity,2027-sans-ai-cybersecurity-summit-tbd-speaking,SANS AI Cybersecurity Summit,START DATE,4/20/2027,UNSUPPORTED,BLANK,,weak: the page was read and does not state it for this edition; it may still be right,,,the page states nothing for this field and edition; the page text never mentions 2027 (it shows 2026),the honest blank for a hint nothing supports
Cybersecurity,2027-sans-ai-cybersecurity-summit-tbd-speaking,SANS AI Cybersecurity Summit,LOCATION,"Arlington, VA & Live Online",UNSUPPORTED,BLANK,,weak: the page was read and does not state it for this edition; it may still be right,,,the page states nothing for this field and edition; the page text never mentions 2027 (it shows 2026),the honest blank for a hint nothing supports
Cybersecurity,2026-nullcon-berlin-speaking,Nullcon Berlin,CONFERENCE DATES,,FILLS,FILL,"November 5 - November 6, 2026",page states a value for a blank,Conference: 5th - 6th November 2026,https://nullcon.net/event/nullcon-berlin-2026/,ok,
Cybersecurity,2026-nullcon-berlin-speaking,Nullcon Berlin,SUBMISSION DEADLINE,,FILLS,FILL,7/12/2026,page states a value for a blank,12th July 2026 ✍ CFP Closes Closed,https://nullcon.net/event/nullcon-berlin-2026/,ok,
Cybersecurity,2027-cyberuk-manchester-speaking,CYBERUK,CONFERENCE DATES,,FILLS,FILL,"May 11 - May 13, 2027",page states a value for a blank,"11 - 13 MAY 2027, LIVERPOOL EXPERIENCE CAMPUS",https://www.cyberuk.uk/,ok,
Cybersecurity,2027-gartner-security-risk-management-summit-london-speaking,Gartner Security & Risk Management Summit (London),CONFERENCE DATES,,FILLS,FILL,"September 21 - September 23, 2027",page states a value for a blank,21 – 23 September 2027,https://www.gartner.com/en/conferences/emea/security-risk-management-uk,ok,
Cybersecurity,2027-gartner-security-risk-management-summit-national-harbor-speaking,Gartner Security & Risk Management Summit (National Harbor),CONFERENCE DATES,,FILLS,FILL,"June 14 - June 16, 2027",page states a value for a blank,"June 14 – 16, 2027",https://www.gartner.com/en/conferences/na/security-risk-management-us,ok,
Cybersecurity,2027-ieee-symposium-security-privacy-san-francisco-speaking,IEEE Symposium on Security & Privacy,CONFERENCE DATES,,FILLS,FILL,"May 17 - May 19, 2027",page states a value for a blank,"The Symposium will be held on May 17-19, 2027",https://www.ieee-security.org/TC/SP2027/,ok,
Cybersecurity,2027-infosecurity-europe-london-speaking,Infosecurity Europe 2027,CONFERENCE DATES,,FILLS,FILL,"June 8 - June 10, 2027",page states a value for a blank,Tuesday 8 June 2027 9:30am - 5:30pm || Thursday 10 June 2027 9:30am - 4pm,https://www.infosecurityeurope.com/,ok,
Cybersecurity,2027-infosecurity-europe-london-speaking,Infosecurity Europe 2027,LOCATION,"Excel London, One Western Gateway, Royal Victoria Dock, London E16 1XL, UK",UNSUPPORTED,BLANK,,weak: the page was read and does not state it for this edition; it may still be right,London E16 1XL,https://www.infosecurityeurope.com/,only the city is proven (it agrees); the other part is not,the honest blank for a hint nothing supports
Cybersecurity,2027-sxsw-austin,SXSW AI Track,CONFERENCE DATES,,FILLS,FILL,"March 15 - March 21, 2027",page states a value for a blank,"March 15–21, 2027",https://sxsw.com/tracks/,ok,
Cybersecurity,2027-sxsw-austin,SXSW AI Track,LOCATION,"Austin, TX",DIFFERS,REPLACE,"city Austin, country United States","page states another value, verbatim quote","Austin, TX || March 15–21, 2027 | Austin, TX",https://sxsw.com/tracks/,differs in country,venue text of the old value is not kept; the reviewer edits by hand
Cybersecurity,2027-world-summit-ai-amsterdam-speaking,World Summit AI Amsterdam 2027,CONFERENCE DATES,,FILLS,FILL,"October 6 - October 7, 2027",page states a value for a blank,"World Summit AI, 06-07 October 2027, Amsterdam, Netherlands",https://worldsummit.ai/form-speakers-enquiries/,ok,
Cybersecurity,2027-owasp-global-appsec-eu-vienna-speaking,OWASP Global AppSec EU 2027,START DATE,6/21/2027,UNSUPPORTED,BLANK,,weak: the page was read and does not state it for this edition; it may still be right,,,the page states nothing for this field and edition,the honest blank for a hint nothing supports
Cybersecurity,2027-owasp-global-appsec-eu-vienna-speaking,OWASP Global AppSec EU 2027,LOCATION,"Vienna, Austria",UNSUPPORTED,BLANK,,weak: the page was read and does not state it for this edition; it may still be right,,,the page states nothing for this field and edition,the honest blank for a hint nothing supports
Cybersecurity,2027-owasp-global-appsec-usa-atlanta-speaking,OWASP Global AppSec USA 2027,START DATE,9/20/2027,UNSUPPORTED,BLANK,,weak: the page was read and does not state it for this edition; it may still be right,,,the page states nothing for this field and edition,the honest blank for a hint nothing supports
Cybersecurity,2027-owasp-global-appsec-usa-atlanta-speaking,OWASP Global AppSec USA 2027,LOCATION,"Atlanta, GA, USA",UNSUPPORTED,BLANK,,weak: the page was read and does not state it for this edition; it may still be right,,,the page states nothing for this field and edition,the honest blank for a hint nothing supports
Cybersecurity,2027-first-annual-conference-bangkok-speaking,FIRST Annual Conference 2027 (39th - Bangkok),START DATE,6/13/2027,UNSUPPORTED,BLANK,,weak: the page was read and does not state it for this edition; it may still be right,,,the page states nothing for this field and edition; the page text never mentions 2027,the honest blank for a hint nothing supports
Cybersecurity,2027-first-annual-conference-bangkok-speaking,FIRST Annual Conference 2027 (39th - Bangkok),LOCATION,"Bangkok, Thailand",UNSUPPORTED,BLANK,,weak: the page was read and does not state it for this edition; it may still be right,,,the page states nothing for this field and edition; the page text never mentions 2027,the honest blank for a hint nothing supports
Cybersecurity,2028-first-annual-conference-prague-speaking,FIRST Annual Conference 2028 (40th - Prague),START DATE,6/11/2028,UNSUPPORTED,BLANK,,weak: the page was read and does not state it for this edition; it may still be right,,,the page states nothing for this field and edition; the page text never mentions 2028,the honest blank for a hint nothing supports
Cybersecurity,2028-first-annual-conference-prague-speaking,FIRST Annual Conference 2028 (40th - Prague),LOCATION,"Prague, Czech Republic",UNSUPPORTED,BLANK,,weak: the page was read and does not state it for this edition; it may still be right,,,the page states nothing for this field and edition; the page text never mentions 2028,the honest blank for a hint nothing supports
Cybersecurity,2027-vulncon-scottsdale-speaking,VulnCon 2027 (FIRST),CONFERENCE DATES,,FILLS,FILL,"March 30 - April 2, 2027",page states a value for a blank,"The conference will take place March 30-April 2, 2027, at the DoubleTree Resort by Hilton Paradise Valley in Scottsdale, Arizona, USA.",https://www.first.org/conference/vulncon27/,ok,
Cybersecurity,2027-firstcti-berlin-speaking,FIRST Cyber Threat Intelligence Conference (FIRSTCTI) 2027,START DATE,4/21/2027,UNSUPPORTED,BLANK,,weak: the page was read and does not state it for this edition; it may still be right,,,the page states nothing for this field and edition,the honest blank for a hint nothing supports
Cybersecurity,2027-firstcti-berlin-speaking,FIRST Cyber Threat Intelligence Conference (FIRSTCTI) 2027,LOCATION,"Berlin, Germany",UNSUPPORTED,BLANK,,weak: the page was read and does not state it for this edition; it may still be right,,,the page states nothing for this field and edition,the honest blank for a hint nothing supports
Utility,2026-industrial-net-zero-conference-sydney,Industrial Net Zero Conference 2027,LOCATION,"Pullman Sydney Hyde Park, Sydney, Australia",UNSUPPORTED,BLANK,,weak: the page was read and does not state it for this edition; it may still be right,,,the page states nothing for this field and edition; the page text never mentions 2027 (it shows 2026),the honest blank for a hint nothing supports
Utility,2026-industrial-net-zero-conference-sydney,Industrial Net Zero Conference 2027,SUBMISSION DEADLINE,11/15/2026,UNSUPPORTED,BLANK,,weak: the page was read and does not state it for this edition; it may still be right,,,the page states nothing for this field and edition; the page text never mentions 2027 (it shows 2026),the honest blank for a hint nothing supports
Utility,2027-european-carbon-capture-utilization-storage-amsterdam,"European Carbon Capture, Utilization & Storage Conference 2027",START DATE,1/26/2027,UNSUPPORTED,BLANK,,weak: the page was read and does not state it for this edition; it may still be right,,,the page states nothing for this field and edition; the page text never mentions 2027 (it shows 2026),the honest blank for a hint nothing supports
Utility,2027-european-carbon-capture-utilization-storage-amsterdam,"European Carbon Capture, Utilization & Storage Conference 2027",CONFERENCE DATES,"January 26 - January 27, 2027",UNSUPPORTED,BLANK,,weak: the page was read and does not state it for this edition; it may still be right,,,the page states nothing for this field and edition; the page text never mentions 2027 (it shows 2026),the honest blank for a hint nothing supports
Utility,2027-european-carbon-capture-utilization-storage-amsterdam,"European Carbon Capture, Utilization & Storage Conference 2027",LOCATION,"Amsterdam, Netherlands",UNSUPPORTED,BLANK,,weak: the page was read and does not state it for this edition; it may still be right,,,the page states nothing for this field and edition; the page text never mentions 2027 (it shows 2026),the honest blank for a hint nothing supports
Utility,2027-european-carbon-capture-utilization-storage-amsterdam,"European Carbon Capture, Utilization & Storage Conference 2027",SUBMISSION DEADLINE,10/30/2026,UNSUPPORTED,BLANK,,weak: the page was read and does not state it for this edition; it may still be right,,,the page states nothing for this field and edition; the page text never mentions 2027 (it shows 2026),the honest blank for a hint nothing supports
Utility,2026-american-hydrogen-ccus-forum-houston,American Hydrogen & CCUS Forum 2026,START DATE,11/4/2026,UNSUPPORTED,BLANK,,weak: the page was read and does not state it for this edition; it may still be right,,,the page states nothing for this field and edition,the honest blank for a hint nothing supports
Utility,2026-american-hydrogen-ccus-forum-houston,American Hydrogen & CCUS Forum 2026,CONFERENCE DATES,"November 4 - November 5, 2026",UNSUPPORTED,BLANK,,weak: the page was read and does not state it for this edition; it may still be right,,,the page states nothing for this field and edition,the honest blank for a hint nothing supports
Utility,2026-american-hydrogen-ccus-forum-houston,American Hydrogen & CCUS Forum 2026,LOCATION,"Houston, Texas, USA",UNSUPPORTED,BLANK,,weak: the page was read and does not state it for this edition; it may still be right,,,the page states nothing for this field and edition,the honest blank for a hint nothing supports
Utility,2026-american-hydrogen-ccus-forum-houston,American Hydrogen & CCUS Forum 2026,SUBMISSION DEADLINE,8/30/2026,UNSUPPORTED,BLANK,,weak: the page was read and does not state it for this edition; it may still be right,,,the page states nothing for this field and edition,the honest blank for a hint nothing supports
Utility,2027-decarb-connect-europe-vienna,Decarb Connect Europe 2027,SUBMISSION DEADLINE,1/30/2027,UNSUPPORTED,BLANK,,weak: the page was read and does not state it for this edition; it may still be right,,,the page states nothing for this field and edition,the honest blank for a hint nothing supports
Utility,2026-connecting-hydrogen-europe-madrid,Connecting Hydrogen Europe 2026,START DATE,10/20/2026,UNSUPPORTED,BLANK,,weak: the page was read and does not state it for this edition; it may still be right,,,the page states nothing for this field and edition; the page text never mentions 2026,the honest blank for a hint nothing supports
Utility,2026-connecting-hydrogen-europe-madrid,Connecting Hydrogen Europe 2026,CONFERENCE DATES,"October 20 - October 22, 2026",UNSUPPORTED,BLANK,,weak: the page was read and does not state it for this edition; it may still be right,,,the page states nothing for this field and edition; the page text never mentions 2026,the honest blank for a hint nothing supports
Utility,2026-connecting-hydrogen-europe-madrid,Connecting Hydrogen Europe 2026,LOCATION,"IFEMA Madrid, Madrid, Spain",UNSUPPORTED,BLANK,,weak: the page was read and does not state it for this edition; it may still be right,,,the page states nothing for this field and edition; the page text never mentions 2026,the honest blank for a hint nothing supports
Utility,2026-connecting-hydrogen-europe-madrid,Connecting Hydrogen Europe 2026,SUBMISSION DEADLINE,8/15/2026,UNSUPPORTED,BLANK,,weak: the page was read and does not state it for this edition; it may still be right,,,the page states nothing for this field and edition; the page text never mentions 2026,the honest blank for a hint nothing supports
Utility,2026-reuters-events-global-energy-forum-new-york-city,Reuters Events: Global Energy Forum 2026,START DATE,9/22/2026,UNSUPPORTED,KEEP-UNVERIFIED,,no page could be read: nothing to propose,,,no page could be read,
Utility,2026-reuters-events-global-energy-forum-new-york-city,Reuters Events: Global Energy Forum 2026,CONFERENCE DATES,"September 22 - September 23, 2026",UNSUPPORTED,KEEP-UNVERIFIED,,no page could be read: nothing to propose,,,no page could be read,
Utility,2026-reuters-events-global-energy-forum-new-york-city,Reuters Events: Global Energy Forum 2026,LOCATION,"New York City, New York, USA",UNSUPPORTED,KEEP-UNVERIFIED,,no page could be read: nothing to propose,,,no page could be read,
Utility,2026-reuters-events-global-energy-forum-new-york-city,Reuters Events: Global Energy Forum 2026,SUBMISSION DEADLINE,7/15/2026,UNSUPPORTED,KEEP-UNVERIFIED,,no page could be read: nothing to propose,,,no page could be read,
Utility,2027-horizons-clean-energy-expansion-asia-conference-tokyo,Horizons Clean Energy Expansion Asia Conference 2027,START DATE,2/24/2027,UNSUPPORTED,BLANK,,weak: the page was read and does not state it for this edition; it may still be right,,,the page states nothing for this field and edition; the page text never mentions 2027,the honest blank for a hint nothing supports
Utility,2027-horizons-clean-energy-expansion-asia-conference-tokyo,Horizons Clean Energy Expansion Asia Conference 2027,CONFERENCE DATES,"February 24 - February 25, 2027",UNSUPPORTED,BLANK,,weak: the page was read and does not state it for this edition; it may still be right,,,the page states nothing for this field and edition; the page text never mentions 2027,the honest blank for a hint nothing supports
Utility,2027-horizons-clean-energy-expansion-asia-conference-tokyo,Horizons Clean Energy Expansion Asia Conference 2027,LOCATION,"Tokyo, Japan",UNSUPPORTED,BLANK,,weak: the page was read and does not state it for this edition; it may still be right,,,the page states nothing for this field and edition; the page text never mentions 2027,the honest blank for a hint nothing supports
Utility,2026-wfcc-fukuoka,WFCC 2026 (World Fuel Cell Conference),START DATE,8/24/2026,UNSUPPORTED,BLANK,,weak: the page was read and does not state it for this edition; it may still be right,,,the page states nothing for this field and edition,the honest blank for a hint nothing supports
Utility,2026-wfcc-fukuoka,WFCC 2026 (World Fuel Cell Conference),CONFERENCE DATES,"August 24 - August 27, 2026",UNSUPPORTED,BLANK,,weak: the page was read and does not state it for this edition; it may still be right,,,the page states nothing for this field and edition,the honest blank for a hint nothing supports
Utility,2026-wfcc-fukuoka,WFCC 2026 (World Fuel Cell Conference),LOCATION,"Fukuoka, Japan",UNSUPPORTED,BLANK,,weak: the page was read and does not state it for this edition; it may still be right,,,the page states nothing for this field and edition,the honest blank for a hint nothing supports
Utility,2026-wfcc-fukuoka,WFCC 2026 (World Fuel Cell Conference),SUBMISSION DEADLINE,4/15/2026,UNSUPPORTED,BLANK,,weak: the page was read and does not state it for this edition; it may still be right,,,the page states nothing for this field and edition,the honest blank for a hint nothing supports
Utility,2026-the-4th-international-indonesia-ccs-forum-jakarta,World Hydrogen & Carbon Capture Conference Indonesia (IICCS Forum 2026),START DATE,9/16/2026,UNSUPPORTED,BLANK,,weak: the page was read and does not state it for this edition; it may still be right,,,the page states nothing for this field and edition,the honest blank for a hint nothing supports
Utility,2026-the-4th-international-indonesia-ccs-forum-jakarta,World Hydrogen & Carbon Capture Conference Indonesia (IICCS Forum 2026),CONFERENCE DATES,"September 16 - September 17, 2026",UNSUPPORTED,BLANK,,weak: the page was read and does not state it for this edition; it may still be right,,,the page states nothing for this field and edition,the honest blank for a hint nothing supports
Utility,2026-the-4th-international-indonesia-ccs-forum-jakarta,World Hydrogen & Carbon Capture Conference Indonesia (IICCS Forum 2026),LOCATION,"Jakarta Convention Center (JCC), Jakarta, Indonesia",UNSUPPORTED,BLANK,,weak: the page was read and does not state it for this edition; it may still be right,,,the page states nothing for this field and edition,the honest blank for a hint nothing supports
Utility,2026-the-4th-international-indonesia-ccs-forum-jakarta,World Hydrogen & Carbon Capture Conference Indonesia (IICCS Forum 2026),SUBMISSION DEADLINE,7/31/2026,UNSUPPORTED,BLANK,,weak: the page was read and does not state it for this edition; it may still be right,,,the page states nothing for this field and edition,the honest blank for a hint nothing supports
Utility,2026-carbon-capture-usa-houston,Carbon Capture USA 2026,SUBMISSION DEADLINE,6/30/2026,UNSUPPORTED,BLANK,,weak: the page was read and does not state it for this edition; it may still be right,,,the page states nothing for this field and edition,the honest blank for a hint nothing supports
Utility,2026-asia-pacific-hydrogen-summit-exhibition-adelaide,Asia Pacific Hydrogen Summit & Exhibition 2026,START DATE,9/14/2026,UNSUPPORTED,BLANK,,weak: the page was read and does not state it for this edition; it may still be right,,,the page states nothing for this field and edition; the page text never mentions 2026,the honest blank for a hint nothing supports
Utility,2026-asia-pacific-hydrogen-summit-exhibition-adelaide,Asia Pacific Hydrogen Summit & Exhibition 2026,CONFERENCE DATES,"September 14 - September 15, 2026",UNSUPPORTED,BLANK,,weak: the page was read and does not state it for this edition; it may still be right,,,the page states nothing for this field and edition; the page text never mentions 2026,the honest blank for a hint nothing supports
Utility,2026-asia-pacific-hydrogen-summit-exhibition-adelaide,Asia Pacific Hydrogen Summit & Exhibition 2026,LOCATION,"Adelaide Convention Centre, Adelaide, Australia",UNSUPPORTED,BLANK,,weak: the page was read and does not state it for this edition; it may still be right,,,the page states nothing for this field and edition; the page text never mentions 2026,the honest blank for a hint nothing supports
Utility,2026-asia-pacific-hydrogen-summit-exhibition-adelaide,Asia Pacific Hydrogen Summit & Exhibition 2026,SUBMISSION DEADLINE,6/30/2026,UNSUPPORTED,BLANK,,weak: the page was read and does not state it for this edition; it may still be right,,,the page states nothing for this field and edition; the page text never mentions 2026,the honest blank for a hint nothing supports
Utility,2027-decarb-techinvest-boston,Decarb TechInvest 2027,START DATE,5/11/2027,UNSUPPORTED,BLANK,,weak: the page was read and does not state it for this edition; it may still be right,,,the page states nothing for this field and edition; the page text never mentions 2027 (it shows 2026),the honest blank for a hint nothing supports
Utility,2027-decarb-techinvest-boston,Decarb TechInvest 2027,CONFERENCE DATES,"May 11 - May 12, 2027",UNSUPPORTED,BLANK,,weak: the page was read and does not state it for this edition; it may still be right,,,the page states nothing for this field and edition; the page text never mentions 2027 (it shows 2026),the honest blank for a hint nothing supports
Utility,2027-decarb-techinvest-boston,Decarb TechInvest 2027,LOCATION,"Boston, Massachusetts, USA",UNSUPPORTED,BLANK,,weak: the page was read and does not state it for this edition; it may still be right,,,the page states nothing for this field and edition; the page text never mentions 2027 (it shows 2026),the honest blank for a hint nothing supports
Utility,2027-decarb-techinvest-boston,Decarb TechInvest 2027,SUBMISSION DEADLINE,12/15/2026,UNSUPPORTED,BLANK,,weak: the page was read and does not state it for this edition; it may still be right,,,the page states nothing for this field and edition; the page text never mentions 2027 (it shows 2026),the honest blank for a hint nothing supports
Utility,2026-hydrogen-innovation-and-technology-conference-manchester,Hydrogen Innovation and Technology Conference 2026 (IChemE Hydrogen 2026),START DATE,11/17/2026,UNSUPPORTED,BLANK,,weak: the page was read and does not state it for this edition; it may still be right,,,the page states nothing for this field and edition,the honest blank for a hint nothing supports
Utility,2026-hydrogen-innovation-and-technology-conference-manchester,Hydrogen Innovation and Technology Conference 2026 (IChemE Hydrogen 2026),CONFERENCE DATES,"November 17 - November 18, 2026",UNSUPPORTED,BLANK,,weak: the page was read and does not state it for this edition; it may still be right,,,the page states nothing for this field and edition,the honest blank for a hint nothing supports
Utility,2026-hydrogen-innovation-and-technology-conference-manchester,Hydrogen Innovation and Technology Conference 2026 (IChemE Hydrogen 2026),LOCATION,"London, United Kingdom",UNSUPPORTED,BLANK,,weak: the page was read and does not state it for this edition; it may still be right,,,the page states nothing for this field and edition,the honest blank for a hint nothing supports
Utility,2026-hydrogen-innovation-and-technology-conference-manchester,Hydrogen Innovation and Technology Conference 2026 (IChemE Hydrogen 2026),SUBMISSION DEADLINE,7/1/2026,UNSUPPORTED,BLANK,,weak: the page was read and does not state it for this edition; it may still be right,,,the page states nothing for this field and edition,the honest blank for a hint nothing supports
Utility,2026-gastech-bangkok,Gastech 2026,START DATE,9/15/2026,UNSUPPORTED,BLANK,,weak: the page was read and does not state it for this edition; it may still be right,,,the page states nothing for this field and edition,the honest blank for a hint nothing supports
Utility,2026-gastech-bangkok,Gastech 2026,CONFERENCE DATES,"September 15 - September 18, 2026",UNSUPPORTED,BLANK,,weak: the page was read and does not state it for this edition; it may still be right,,,the page states nothing for this field and edition,the honest blank for a hint nothing supports
Utility,2026-gastech-bangkok,Gastech 2026,LOCATION,"BITEC (Bangkok International Trade & Exhibition Centre), Bangkok, Thailand",UNSUPPORTED,BLANK,,weak: the page was read and does not state it for this edition; it may still be right,,,the page states nothing for this field and edition,the honest blank for a hint nothing supports
Utility,2026-gastech-bangkok,Gastech 2026,SUBMISSION DEADLINE,3/31/2026,UNSUPPORTED,BLANK,,weak: the page was read and does not state it for this edition; it may still be right,,,the page states nothing for this field and edition,the honest blank for a hint nothing supports
Utility,2026-esf-mena-dubai,ESF MENA 2026 (Middle East Energy & Sustainability Forum),START DATE,11/17/2026,UNSUPPORTED,BLANK,,weak: the page was read and does not state it for this edition; it may still be right,,,the page states nothing for this field and edition,the honest blank for a hint nothing supports
Utility,2026-esf-mena-dubai,ESF MENA 2026 (Middle East Energy & Sustainability Forum),CONFERENCE DATES,"November 17 - November 19, 2026",UNSUPPORTED,BLANK,,weak: the page was read and does not state it for this edition; it may still be right,,,the page states nothing for this field and edition,the honest blank for a hint nothing supports
Utility,2026-esf-mena-dubai,ESF MENA 2026 (Middle East Energy & Sustainability Forum),LOCATION,"Dubai, United Arab Emirates",UNSUPPORTED,BLANK,,weak: the page was read and does not state it for this edition; it may still be right,,,the page states nothing for this field and edition,the honest blank for a hint nothing supports
Utility,2026-esf-mena-dubai,ESF MENA 2026 (Middle East Energy & Sustainability Forum),SUBMISSION DEADLINE,8/31/2026,UNSUPPORTED,BLANK,,weak: the page was read and does not state it for this edition; it may still be right,,,the page states nothing for this field and edition,the honest blank for a hint nothing supports
Utility,2026-climate-week-nyc-new-york-city,Climate Week NYC 2026,LOCATION,"Multiple Venues across New York City, New York, USA",UNSUPPORTED,BLANK,,weak: the page was read and does not state it for this edition; it may still be right,New York City,https://www.climateweeknyc.org/,only the city is proven (it agrees); the other part is not,the honest blank for a hint nothing supports
Utility,2026-climate-week-nyc-new-york-city,Climate Week NYC 2026,SUBMISSION DEADLINE,8/15/2026,UNSUPPORTED,BLANK,,weak: the page was read and does not state it for this edition; it may still be right,,,the page states nothing for this field and edition,the honest blank for a hint nothing supports
Utility,2026-world-conference-on-carbon-capture-utilisation-the-woodlands,"2026 World Conference on Carbon Capture, Utilisation & Storage (CCUS Event 2026)",START DATE,10/6/2026,UNSUPPORTED,BLANK,,weak: the page was read and does not state it for this edition; it may still be right,,,the page states nothing for this field and edition,the honest blank for a hint nothing supports
Utility,2026-world-conference-on-carbon-capture-utilisation-the-woodlands,"2026 World Conference on Carbon Capture, Utilisation & Storage (CCUS Event 2026)",CONFERENCE DATES,"October 6 - October 8, 2026",UNSUPPORTED,BLANK,,weak: the page was read and does not state it for this edition; it may still be right,,,the page states nothing for this field and edition,the honest blank for a hint nothing supports
Utility,2026-world-conference-on-carbon-capture-utilisation-the-woodlands,"2026 World Conference on Carbon Capture, Utilisation & Storage (CCUS Event 2026)",LOCATION,"George R. Brown Convention Center, Houston, Texas, USA",UNSUPPORTED,BLANK,,weak: the page was read and does not state it for this edition; it may still be right,,,the page states nothing for this field and edition,the honest blank for a hint nothing supports
Utility,2026-world-conference-on-carbon-capture-utilisation-the-woodlands,"2026 World Conference on Carbon Capture, Utilisation & Storage (CCUS Event 2026)",SUBMISSION DEADLINE,5/15/2026,UNSUPPORTED,BLANK,,weak: the page was read and does not state it for this edition; it may still be right,,,the page states nothing for this field and edition,the honest blank for a hint nothing supports
Utility,2026-hydrogen-technology-world-expo-europe-hamburg,Hydrogen Technology World Expo Europe 2026,START DATE,10/21/2026,DIFFERS,REPLACE,10/20/2026,"page states another value, verbatim quote",Tuesday 20th October 2026,https://www.hydrogen-worldexpo.com/,ok,
Utility,2026-hydrogen-technology-world-expo-europe-hamburg,Hydrogen Technology World Expo Europe 2026,CONFERENCE DATES,"October 21 - October 22, 2026",DIFFERS,REPLACE,"October 20 - October 22, 2026","page states another value, verbatim quote",Tuesday 20th October 2026 || Thursday 22nd October 2026,https://www.hydrogen-worldexpo.com/,ok,
Utility,2026-hydrogen-technology-world-expo-europe-hamburg,Hydrogen Technology World Expo Europe 2026,SUBMISSION DEADLINE,6/1/2026,UNSUPPORTED,BLANK,,weak: the page was read and does not state it for this edition; it may still be right,,,the page states nothing for this field and edition,the honest blank for a hint nothing supports
Utility,2026-hydrogen-americas-summit-exhibition-houston,Hydrogen Americas 2026 Summit & Exhibition,START DATE,6/15/2026,UNSUPPORTED,BLANK,,weak: the page was read and does not state it for this edition; it may still be right,,,the page states nothing for this field and edition,the honest blank for a hint nothing supports
Utility,2026-hydrogen-americas-summit-exhibition-houston,Hydrogen Americas 2026 Summit & Exhibition,CONFERENCE DATES,"June 15 - June 16, 2026",UNSUPPORTED,BLANK,,weak: the page was read and does not state it for this edition; it may still be right,,,the page states nothing for this field and edition,the honest blank for a hint nothing supports
Utility,2026-hydrogen-americas-summit-exhibition-houston,Hydrogen Americas 2026 Summit & Exhibition,LOCATION,"George R. Brown Convention Center, Houston, Texas, USA",UNSUPPORTED,BLANK,,weak: the page was read and does not state it for this edition; it may still be right,,,the page states nothing for this field and edition,the honest blank for a hint nothing supports
Utility,2026-hydrogen-americas-summit-exhibition-houston,Hydrogen Americas 2026 Summit & Exhibition,SUBMISSION DEADLINE,2/28/2026,UNSUPPORTED,BLANK,,weak: the page was read and does not state it for this edition; it may still be right,,,the page states nothing for this field and edition,the honest blank for a hint nothing supports
Utility,2026-reuters-events-energy-transition-europe-amsterdam,Reuters Events: Energy Transition Europe 2026,START DATE,11/11/2026,DIFFERS,REPLACE,10/20/2026,"page states another value, verbatim quote",20 - 21 Oct,https://events.reutersevents.com/energy-transition/energy-transition-europe,ok (year 2026 taken from the nearest earlier year on the page),
Utility,2026-reuters-events-energy-transition-europe-amsterdam,Reuters Events: Energy Transition Europe 2026,CONFERENCE DATES,"November 11 - November 12, 2026",DIFFERS,REPLACE,"October 20 - October 21, 2026","page states another value, verbatim quote",20 - 21 Oct,https://events.reutersevents.com/energy-transition/energy-transition-europe,ok,
Utility,2026-reuters-events-energy-transition-europe-amsterdam,Reuters Events: Energy Transition Europe 2026,LOCATION,"InterContinental London - The O2, London, United Kingdom",DIFFERS,REPLACE,city Amsterdam,"page states another value, verbatim quote",Amsterdam,https://events.reutersevents.com/energy-transition/energy-transition-europe,differs in city,venue text of the old value is not kept; the reviewer edits by hand
Utility,2026-reuters-events-energy-transition-europe-amsterdam,Reuters Events: Energy Transition Europe 2026,SUBMISSION DEADLINE,8/31/2026,UNSUPPORTED,BLANK,,weak: the page was read and does not state it for this edition; it may still be right,,,the page states nothing for this field and edition,the honest blank for a hint nothing supports
Utility,2026-industrial-decarbonisation-europe-amsterdam,Industrial Decarbonisation Europe 2026 (Reuters Events),START DATE,11/11/2026,UNSUPPORTED,BLANK,,weak: the page was read and does not state it for this edition; it may still be right,,,the page states nothing for this field and edition,the honest blank for a hint nothing supports
Utility,2026-industrial-decarbonisation-europe-amsterdam,Industrial Decarbonisation Europe 2026 (Reuters Events),CONFERENCE DATES,"November 11 - November 12, 2026",UNSUPPORTED,BLANK,,weak: the page was read and does not state it for this edition; it may still be right,,,the page states nothing for this field and edition,the honest blank for a hint nothing supports
Utility,2026-industrial-decarbonisation-europe-amsterdam,Industrial Decarbonisation Europe 2026 (Reuters Events),LOCATION,"Amsterdam, Netherlands",UNSUPPORTED,BLANK,,weak: the page was read and does not state it for this edition; it may still be right,,,the page states nothing for this field and edition,the honest blank for a hint nothing supports
Utility,2026-industrial-decarbonisation-europe-amsterdam,Industrial Decarbonisation Europe 2026 (Reuters Events),SUBMISSION DEADLINE,8/31/2026,UNSUPPORTED,BLANK,,weak: the page was read and does not state it for this edition; it may still be right,,,the page states nothing for this field and edition,the honest blank for a hint nothing supports
Utility,2026-carbon-capture-technology-expo-europe-hamburg,Carbon Capture Technology Expo Europe 2026,START DATE,10/21/2026,DIFFERS,REPLACE,10/20/2026,"page states another value, verbatim quote",Tuesday 20th October 2026,https://www.carboncapture-expo.com/,ok,
Utility,2026-carbon-capture-technology-expo-europe-hamburg,Carbon Capture Technology Expo Europe 2026,CONFERENCE DATES,"October 21 - October 22, 2026",DIFFERS,REPLACE,"October 20 - October 22, 2026","page states another value, verbatim quote",Tuesday 20th October 2026 || Thursday 22nd October 2026,https://www.carboncapture-expo.com/,ok,
Utility,2026-carbon-capture-technology-expo-europe-hamburg,Carbon Capture Technology Expo Europe 2026,SUBMISSION DEADLINE,6/1/2026,UNSUPPORTED,BLANK,,weak: the page was read and does not state it for this edition; it may still be right,,,the page states nothing for this field and edition,the honest blank for a hint nothing supports
Utility,2026-decarb-connect-canada-toronto,Decarb Connect Canada 2026,START DATE,11/3/2026,DIFFERS,REPLACE,10/27/2026,"page states another value, verbatim quote","27 - 27 October, 2026",https://decarbconnectcanada.com/,ok,
Utility,2026-decarb-connect-canada-toronto,Decarb Connect Canada 2026,CONFERENCE DATES,"November 3 - November 4, 2026",DIFFERS,REPLACE,"October 27, 2026","page states another value, verbatim quote","27 - 27 October, 2026",https://decarbconnectcanada.com/,ok,
Utility,2026-decarb-connect-canada-toronto,Decarb Connect Canada 2026,SUBMISSION DEADLINE,8/15/2026,UNSUPPORTED,BLANK,,weak: the page was read and does not state it for this edition; it may still be right,,,the page states nothing for this field and edition,the honest blank for a hint nothing supports
Utility,2026-singapore-international-energy-week-singapore,Singapore International Energy Week 2026 (SIEW 2026),START DATE,10/26/2026,UNSUPPORTED,BLANK,,weak: the page was read and does not state it for this edition; it may still be right,,,the page states nothing for this field and edition,the honest blank for a hint nothing supports
Utility,2026-singapore-international-energy-week-singapore,Singapore International Energy Week 2026 (SIEW 2026),CONFERENCE DATES,"October 26 - October 30, 2026",UNSUPPORTED,BLANK,,weak: the page was read and does not state it for this edition; it may still be right,,,the page states nothing for this field and edition,the honest blank for a hint nothing supports
Utility,2026-singapore-international-energy-week-singapore,Singapore International Energy Week 2026 (SIEW 2026),LOCATION,"Sands Expo and Convention Centre, Singapore",UNSUPPORTED,BLANK,,weak: the page was read and does not state it for this edition; it may still be right,,,the page states nothing for this field and edition,the honest blank for a hint nothing supports
Utility,2026-singapore-international-energy-week-singapore,Singapore International Energy Week 2026 (SIEW 2026),SUBMISSION DEADLINE,7/31/2026,UNSUPPORTED,BLANK,,weak: the page was read and does not state it for this edition; it may still be right,,,the page states nothing for this field and edition,the honest blank for a hint nothing supports
Utility,2026-carbonzero-global-conference-exhibition-brussels,CarbonZero Global Conference & Exhibition 2026,START DATE,11/12/2026,DIFFERS,REPLACE,10/27/2026,"page states another value, verbatim quote",27–29 October 2026,https://industrylink.eu/event/carbonzero-global-conference-exhibition-2026/,"ok (6 ranges on the page; this one is labelled 'taking place in brussels, belgium from   2026, the event brings t' by the page)",
Utility,2026-carbonzero-global-conference-exhibition-brussels,CarbonZero Global Conference & Exhibition 2026,CONFERENCE DATES,"November 12 - November 13, 2026",DIFFERS,REPLACE,"October 27 - October 29, 2026","page states another value, verbatim quote",27–29 October 2026,https://industrylink.eu/event/carbonzero-global-conference-exhibition-2026/,ok,
Utility,2026-carbonzero-global-conference-exhibition-brussels,CarbonZero Global Conference & Exhibition 2026,SUBMISSION DEADLINE,9/15/2026,UNSUPPORTED,BLANK,,weak: the page was read and does not state it for this edition; it may still be right,,,the page states nothing for this field and edition,the honest blank for a hint nothing supports
Utility,2026-all-energy-australia-melbourne,All-Energy Australia 2026,LOCATION,"Melbourne Convention and Exhibition Centre (MCEC), Melbourne, Australia",UNSUPPORTED,BLANK,,weak: the page was read and does not state it for this edition; it may still be right,"28-29 October 2026 MCEC, Melbourne",https://www.all-energy.com.au/,only the city is proven (it agrees); the other part is not,the honest blank for a hint nothing supports
Utility,2026-all-energy-australia-melbourne,All-Energy Australia 2026,SUBMISSION DEADLINE,5/30/2026,UNSUPPORTED,BLANK,,weak: the page was read and does not state it for this edition; it may still be right,,,the page states nothing for this field and edition,the honest blank for a hint nothing supports
Utility,2026-adipec-abu-dhabi,ADIPEC 2026 (Abu Dhabi International Petroleum Exhibition & Conference),SUBMISSION DEADLINE,4/30/2026,UNSUPPORTED,BLANK,,weak: the page was read and does not state it for this edition; it may still be right,,,the page states nothing for this field and edition,the honest blank for a hint nothing supports
Utility,2026-h2-meet-goyang,H2 MEET 2026 (World Hydrogen Expo Korea),START DATE,9/23/2026,UNSUPPORTED,BLANK,,weak: the page was read and does not state it for this edition; it may still be right,,,"the quote does not state that day, month and year",the honest blank for a hint nothing supports
Utility,2026-h2-meet-goyang,H2 MEET 2026 (World Hydrogen Expo Korea),CONFERENCE DATES,"September 23 - September 25, 2026",UNSUPPORTED,BLANK,,weak: the page was read and does not state it for this edition; it may still be right,,,"the quote does not state that day, month and year",the honest blank for a hint nothing supports
Utility,2026-h2-meet-goyang,H2 MEET 2026 (World Hydrogen Expo Korea),LOCATION,"KINTEX (Korea International Exhibition Center), Goyang / Seoul, South Korea",UNSUPPORTED,BLANK,,weak: the page was read and does not state it for this edition; it may still be right,"November 4–6, KINTEX, KOREA",https://www.h2meet.com/,only the country is proven (it agrees); the other part is not,the honest blank for a hint nothing supports
Utility,2026-h2-meet-goyang,H2 MEET 2026 (World Hydrogen Expo Korea),SUBMISSION DEADLINE,6/30/2026,UNSUPPORTED,BLANK,,weak: the page was read and does not state it for this edition; it may still be right,,,the page states nothing for this field and edition,the honest blank for a hint nothing supports
Utility,2026-horizons-clean-energy-expansion-week-copenhagen,Horizons Clean Energy Expansion Week 2026 (HCEE Week 2026),START DATE,10/13/2026,DIFFERS,REPLACE,11/24/2026,"page states another value, verbatim quote","24 – 27 November 2026 Bella Center, Copenhagen",https://www.hceeweek.com/,ok,
Utility,2026-horizons-clean-energy-expansion-week-copenhagen,Horizons Clean Energy Expansion Week 2026 (HCEE Week 2026),CONFERENCE DATES,"October 13 - October 15, 2026",DIFFERS,REPLACE,"November 24 - November 27, 2026","page states another value, verbatim quote","24 – 27 November 2026 Bella Center, Copenhagen",https://www.hceeweek.com/,ok,
Utility,2026-horizons-clean-energy-expansion-week-copenhagen,Horizons Clean Energy Expansion Week 2026 (HCEE Week 2026),LOCATION,"Bella Center Copenhagen, Copenhagen, Denmark",UNSUPPORTED,BLANK,,weak: the page was read and does not state it for this edition; it may still be right,"24 – 27 November 2026 Bella Center, Copenhagen",https://www.hceeweek.com/,only the city is proven (it agrees); the other part is not,the honest blank for a hint nothing supports
Utility,2026-horizons-clean-energy-expansion-week-copenhagen,Horizons Clean Energy Expansion Week 2026 (HCEE Week 2026),SUBMISSION DEADLINE,6/30/2026,UNSUPPORTED,BLANK,,weak: the page was read and does not state it for this edition; it may still be right,,,the page states nothing for this field and edition,the honest blank for a hint nothing supports
Utility,2026-industrial-net-zero-decarbonisation-europe-amsterdam,Industrial Net Zero & Decarbonisation Europe Summit 2026,START DATE,11/25/2026,UNSUPPORTED,BLANK,,weak: the page was read and does not state it for this edition; it may still be right,,,"the quote does not state that day, month and year",the honest blank for a hint nothing supports
Utility,2026-industrial-net-zero-decarbonisation-europe-amsterdam,Industrial Net Zero & Decarbonisation Europe Summit 2026,CONFERENCE DATES,"November 25 - November 26, 2026",UNSUPPORTED,BLANK,,weak: the page was read and does not state it for this edition; it may still be right,,,"the quote does not state that day, month and year",the honest blank for a hint nothing supports
Utility,2026-industrial-net-zero-decarbonisation-europe-amsterdam,Industrial Net Zero & Decarbonisation Europe Summit 2026,SUBMISSION DEADLINE,8/31/2026,UNSUPPORTED,BLANK,,weak: the page was read and does not state it for this edition; it may still be right,,,the page states nothing for this field and edition,the honest blank for a hint nothing supports
Utility,2026-energy-transition-north-america-houston,Energy Transition North America 2026 (Reuters Events),START DATE,11/17/2026,UNSUPPORTED,KEEP-UNVERIFIED,,no page could be read: nothing to propose,,,no page could be read,
Utility,2026-energy-transition-north-america-houston,Energy Transition North America 2026 (Reuters Events),CONFERENCE DATES,"November 17 - November 18, 2026",UNSUPPORTED,KEEP-UNVERIFIED,,no page could be read: nothing to propose,,,no page could be read,
Utility,2026-energy-transition-north-america-houston,Energy Transition North America 2026 (Reuters Events),LOCATION,"Marriott Marquis Houston, Houston, Texas, USA",UNSUPPORTED,KEEP-UNVERIFIED,,no page could be read: nothing to propose,,,no page could be read,
Utility,2026-energy-transition-north-america-houston,Energy Transition North America 2026 (Reuters Events),SUBMISSION DEADLINE,8/31/2026,UNSUPPORTED,KEEP-UNVERIFIED,,no page could be read: nothing to propose,,,no page could be read,
Utility,2027-ces-las-vegas,CES 2027 (Consumer Electronics Show - Smart Energy & Clean Tech),START DATE,1/5/2027,UNSUPPORTED,BLANK,,weak: the page was read and does not state it for this edition; it may still be right,,,"the quote does not state that day, month and year",the honest blank for a hint nothing supports
Utility,2027-ces-las-vegas,CES 2027 (Consumer Electronics Show - Smart Energy & Clean Tech),CONFERENCE DATES,"January 5 - January 8, 2027",UNSUPPORTED,BLANK,,weak: the page was read and does not state it for this edition; it may still be right,,,"the quote does not state that day, month and year",the honest blank for a hint nothing supports
Utility,2027-ces-las-vegas,CES 2027 (Consumer Electronics Show - Smart Energy & Clean Tech),SUBMISSION DEADLINE,9/30/2026,UNSUPPORTED,BLANK,,weak: the page was read and does not state it for this edition; it may still be right,,,the page states nothing for this field and edition,the honest blank for a hint nothing supports
Utility,2027-world-future-energy-summit-abu-dhabi,World Future Energy Summit 2027 (WFES 2027),SUBMISSION DEADLINE,10/15/2026,UNSUPPORTED,BLANK,,weak: the page was read and does not state it for this edition; it may still be right,,,the page states nothing for this field and edition,the honest blank for a hint nothing supports
Utility,2027-clean-fuels-conference-phoenix,Clean Fuels Conference 2027,START DATE,1/17/2027,DIFFERS,REPLACE,2/1/2027,"page states another value, verbatim quote","Join us February 1-4, 2027!",https://www.cleanfuelsconference.org/,ok,
Utility,2027-clean-fuels-conference-phoenix,Clean Fuels Conference 2027,CONFERENCE DATES,"January 17 - January 20, 2027",DIFFERS,REPLACE,"February 1 - February 4, 2027","page states another value, verbatim quote","Join us February 1-4, 2027!",https://www.cleanfuelsconference.org/,ok,
Utility,2027-clean-fuels-conference-phoenix,Clean Fuels Conference 2027,LOCATION,"Phoenix Convention Center, Phoenix, Arizona, USA",UNSUPPORTED,BLANK,,weak: the page was read and does not state it for this edition; it may still be right,,,the page states nothing for this field and edition,the honest blank for a hint nothing supports
Utility,2027-clean-fuels-conference-phoenix,Clean Fuels Conference 2027,SUBMISSION DEADLINE,9/15/2026,UNSUPPORTED,BLANK,,weak: the page was read and does not state it for this edition; it may still be right,,,the page states nothing for this field and edition,the honest blank for a hint nothing supports
Utility,2026-nineteenth-international-conference-on-climate-johannesburg,International Conference on Climate Change: Impacts and Responses 2027 (19th ICCC),START DATE,4/15/2027,UNSUPPORTED,BLANK,,weak: the page was read and does not state it for this edition; it may still be right,,,the page states nothing for this field and edition,the honest blank for a hint nothing supports
Utility,2026-nineteenth-international-conference-on-climate-johannesburg,International Conference on Climate Change: Impacts and Responses 2027 (19th ICCC),CONFERENCE DATES,"April 15 - April 16, 2027",UNSUPPORTED,BLANK,,weak: the page was read and does not state it for this edition; it may still be right,,,"the page states nothing for this field and edition; first day not proven, last day proven",the honest blank for a hint nothing supports
Utility,2026-nineteenth-international-conference-on-climate-johannesburg,International Conference on Climate Change: Impacts and Responses 2027 (19th ICCC),SUBMISSION DEADLINE,11/30/2026,UNSUPPORTED,BLANK,,weak: the page was read and does not state it for this edition; it may still be right,,,the quote has no call wording,the honest blank for a hint nothing supports
Utility,2027-india-energy-week-kolkata,India Energy Week 2027 (IEW 2027),START DATE,2/9/2027,UNSUPPORTED,BLANK,,weak: the page was read and does not state it for this edition; it may still be right,,,the page states nothing for this field and edition,the honest blank for a hint nothing supports
Utility,2027-india-energy-week-kolkata,India Energy Week 2027 (IEW 2027),CONFERENCE DATES,"February 9 - February 12, 2027",UNSUPPORTED,BLANK,,weak: the page was read and does not state it for this edition; it may still be right,,,"the page states nothing for this field and edition; first day not proven, last day proven",the honest blank for a hint nothing supports
Utility,2027-india-energy-week-kolkata,India Energy Week 2027 (IEW 2027),LOCATION,"Yashobhoomi (IICC) / Pragati Maidan, New Delhi, India",DIFFERS,REPLACE,city Kolkata,"page states another value, verbatim quote","New Town Convention Centre, Kolkata",https://www.indiaenergyweek.com/,differs in city,venue text of the old value is not kept; the reviewer edits by hand
Utility,2027-india-energy-week-kolkata,India Energy Week 2027 (IEW 2027),SUBMISSION DEADLINE,9/30/2026,UNSUPPORTED,BLANK,,weak: the page was read and does not state it for this edition; it may still be right,,,the page states nothing for this field and edition,the honest blank for a hint nothing supports
Utility,2026-decarb-connect-north-america-houston,Decarb Connect North America 2027,START DATE,3/23/2027,DIFFERS,REPLACE,2/9/2027,"page states another value, verbatim quote","09 - 11 February, 2027",https://decarbconnectnorthamerica.com/,ok,
Utility,2026-decarb-connect-north-america-houston,Decarb Connect North America 2027,CONFERENCE DATES,"March 23 - March 25, 2027",DIFFERS,REPLACE,"February 9 - February 11, 2027","page states another value, verbatim quote","09 - 11 February, 2027",https://decarbconnectnorthamerica.com/,ok,
Utility,2026-decarb-connect-north-america-houston,Decarb Connect North America 2027,SUBMISSION DEADLINE,11/15/2026,UNSUPPORTED,BLANK,,weak: the page was read and does not state it for this edition; it may still be right,,,the page states nothing for this field and edition,the honest blank for a hint nothing supports
Utility,2027-carbon-capture-technology-expo-north-america-houston,Carbon Capture Technology Expo North America 2027,START DATE,6/23/2027,DIFFERS,REPLACE,2/10/2027,"page states another value, verbatim quote","February 10-11, 2027",https://www.ccus-expo.com/,"ok (3 ranges on the page; this one is labelled 'hydrogen technology expo north america  , 2027 george r brown con' by the page)",
Utility,2027-carbon-capture-technology-expo-north-america-houston,Carbon Capture Technology Expo North America 2027,CONFERENCE DATES,"June 23 - June 24, 2027",DIFFERS,REPLACE,"February 10 - February 11, 2027","page states another value, verbatim quote","February 10-11, 2027",https://www.ccus-expo.com/,ok,
Utility,2027-carbon-capture-technology-expo-north-america-houston,Carbon Capture Technology Expo North America 2027,SUBMISSION DEADLINE,12/15/2026,UNSUPPORTED,BLANK,,weak: the page was read and does not state it for this edition; it may still be right,,,the page states nothing for this field and edition,the honest blank for a hint nothing supports
Utility,2027-hydrogen-technology-expo-north-america-houston,Hydrogen Technology Expo North America 2027,START DATE,6/23/2027,DIFFERS,REPLACE,2/10/2027,"page states another value, verbatim quote","February 10 - 11 2027 George R Brown Convention Center, Houston, Texas, USA",https://www.hydrogen-expo.com/,ok (3 ranges on the page; this one is labelled 'n capture technology expo north america   2027 george r brown conv' by the page),
Utility,2027-hydrogen-technology-expo-north-america-houston,Hydrogen Technology Expo North America 2027,CONFERENCE DATES,"June 23 - June 24, 2027",DIFFERS,REPLACE,"February 10 - February 11, 2027","page states another value, verbatim quote","February 10 - 11 2027 George R Brown Convention Center, Houston, Texas, USA",https://www.hydrogen-expo.com/,ok,
Utility,2027-hydrogen-technology-expo-north-america-houston,Hydrogen Technology Expo North America 2027,SUBMISSION DEADLINE,12/15/2026,UNSUPPORTED,BLANK,,weak: the page was read and does not state it for this edition; it may still be right,,,the page states nothing for this field and edition,the honest blank for a hint nothing supports
Utility,2026-decarbonization-congress-v-sendorf,Decarbonization Congress 2026 (Resilient & Net-Zero Industry Congress),START DATE,11/23/2026,UNSUPPORTED,BLANK,,weak: the page was read and does not state it for this edition; it may still be right,,,the page states nothing for this field and edition,the honest blank for a hint nothing supports
Utility,2026-decarbonization-congress-v-sendorf,Decarbonization Congress 2026 (Resilient & Net-Zero Industry Congress),CONFERENCE DATES,"November 23 - November 24, 2026",UNSUPPORTED,BLANK,,weak: the page was read and does not state it for this edition; it may still be right,,,the page states nothing for this field and edition,the honest blank for a hint nothing supports
Utility,2026-decarbonization-congress-v-sendorf,Decarbonization Congress 2026 (Resilient & Net-Zero Industry Congress),LOCATION,"Berlin, Germany",UNSUPPORTED,BLANK,,weak: the page was read and does not state it for this edition; it may still be right,,,the page states nothing for this field and edition,the honest blank for a hint nothing supports
Utility,2026-decarbonization-congress-v-sendorf,Decarbonization Congress 2026 (Resilient & Net-Zero Industry Congress),SUBMISSION DEADLINE,8/15/2026,UNSUPPORTED,BLANK,,weak: the page was read and does not state it for this edition; it may still be right,,,the page states nothing for this field and edition,the honest blank for a hint nothing supports
Utility,2027-ceraweek-houston,CERAWeek 2027 (by S&P Global),START DATE,3/8/2027,UNSUPPORTED,BLANK,,weak: the page was read and does not state it for this edition; it may still be right,,,the page states nothing for this field and edition; the page text never mentions 2027,the honest blank for a hint nothing supports
Utility,2027-ceraweek-houston,CERAWeek 2027 (by S&P Global),CONFERENCE DATES,"March 8 - March 12, 2027",UNSUPPORTED,BLANK,,weak: the page was read and does not state it for this edition; it may still be right,,,the page states nothing for this field and edition; the page text never mentions 2027,the honest blank for a hint nothing supports
Utility,2027-ceraweek-houston,CERAWeek 2027 (by S&P Global),LOCATION,"Hilton Americas-Houston, Houston, Texas, USA",UNSUPPORTED,BLANK,,weak: the page was read and does not state it for this edition; it may still be right,,,the page states nothing for this field and edition; the page text never mentions 2027,the honest blank for a hint nothing supports
Utility,2027-ceraweek-houston,CERAWeek 2027 (by S&P Global),SUBMISSION DEADLINE,11/15/2026,UNSUPPORTED,BLANK,,weak: the page was read and does not state it for this edition; it may still be right,,,the page states nothing for this field and edition; the page text never mentions 2027,the honest blank for a hint nothing supports
Utility,2026-future-fuels-mena-summit-dubai,Future Fuels MENA Summit 2026,LOCATION,"Dubai, United Arab Emirates",UNSUPPORTED,BLANK,,weak: the page was read and does not state it for this edition; it may still be right,,,the page states nothing for this field and edition; the page text never mentions 2026,the honest blank for a hint nothing supports
Utility,2026-future-fuels-mena-summit-dubai,Future Fuels MENA Summit 2026,SUBMISSION DEADLINE,8/31/2026,UNSUPPORTED,BLANK,,weak: the page was read and does not state it for this edition; it may still be right,,,the page states nothing for this field and edition; the page text never mentions 2026,the honest blank for a hint nothing supports
Utility,2026-decarb-connect-uk-london,Decarb Connect UK 2026,START DATE,11/10/2026,UNSUPPORTED,BLANK,,weak: the page was read and does not state it for this edition; it may still be right,,,the page states nothing for this field and edition,the honest blank for a hint nothing supports
Utility,2026-decarb-connect-uk-london,Decarb Connect UK 2026,CONFERENCE DATES,"November 10 - November 11, 2026",UNSUPPORTED,BLANK,,weak: the page was read and does not state it for this edition; it may still be right,,,the page states nothing for this field and edition,the honest blank for a hint nothing supports
Utility,2026-decarb-connect-uk-london,Decarb Connect UK 2026,LOCATION,"London, United Kingdom",UNSUPPORTED,BLANK,,weak: the page was read and does not state it for this edition; it may still be right,,,the page states nothing for this field and edition,the honest blank for a hint nothing supports
Utility,2026-decarb-connect-uk-london,Decarb Connect UK 2026,SUBMISSION DEADLINE,8/15/2026,UNSUPPORTED,BLANK,,weak: the page was read and does not state it for this edition; it may still be right,,,the page states nothing for this field and edition,the honest blank for a hint nothing supports
Utility,2027-sustainable-fuels-global-summit-rotterdam,Sustainable Fuels Global Summit 2027,LOCATION,"Rotterdam, Netherlands",UNSUPPORTED,BLANK,,weak: the page was read and does not state it for this edition; it may still be right,Rotterdam,https://www.sustainablefuelsglobal.com/,only the city is proven (it agrees); the other part is not,the honest blank for a hint nothing supports
Utility,2027-sustainable-fuels-global-summit-rotterdam,Sustainable Fuels Global Summit 2027,SUBMISSION DEADLINE,10/30/2026,UNSUPPORTED,BLANK,,weak: the page was read and does not state it for this edition; it may still be right,,,the page states nothing for this field and edition,the honest blank for a hint nothing supports
Utility,2027-carbon-capture-europe-summit-rotterdam,Carbon Capture Europe Summit 2027,START DATE,1/26/2027,DIFFERS,REPLACE,4/13/2027,"page states another value, verbatim quote",13-14 April 2027,https://www.carboncaptureeuropesummit.com/,ok,
Utility,2027-carbon-capture-europe-summit-rotterdam,Carbon Capture Europe Summit 2027,CONFERENCE DATES,"January 26 - January 27, 2027",DIFFERS,REPLACE,"April 13 - April 14, 2027","page states another value, verbatim quote",13-14 April 2027,https://www.carboncaptureeuropesummit.com/,ok,
Utility,2027-carbon-capture-europe-summit-rotterdam,Carbon Capture Europe Summit 2027,LOCATION,"Rotterdam, Netherlands",UNSUPPORTED,BLANK,,weak: the page was read and does not state it for this edition; it may still be right,WTC Rotterdam,https://www.carboncaptureeuropesummit.com/,only the city is proven (it agrees); the other part is not,the honest blank for a hint nothing supports
Utility,2027-carbon-capture-europe-summit-rotterdam,Carbon Capture Europe Summit 2027,SUBMISSION DEADLINE,10/15/2026,UNSUPPORTED,BLANK,,weak: the page was read and does not state it for this edition; it may still be right,,,the page states nothing for this field and edition,the honest blank for a hint nothing supports
Utility,2027-canadian-hydrogen-convention-edmonton,Canadian Hydrogen Convention 2027,CONFERENCE DATES,"April 20 - April 22, 2027",DIFFERS,REPLACE,"April 20 - April 21, 2027","page states another value, verbatim quote","2027 Expo & Conference: April 20-21, 2027 | Site Tours: April 22, 2027",https://www.hydrogenexpo.com/,ok,
Utility,2027-canadian-hydrogen-convention-edmonton,Canadian Hydrogen Convention 2027,SUBMISSION DEADLINE,11/30/2026,UNSUPPORTED,BLANK,,weak: the page was read and does not state it for this edition; it may still be right,,,the page states nothing for this field and edition,the honest blank for a hint nothing supports
Utility,2027-innovation-zero-london,Innovation Zero 2027 (The UK's Clean Tech Congress),START DATE,4/28/2027,DIFFERS,REPLACE,4/27/2027,"page states another value, verbatim quote",Tuesday 27 April 2027 (8:45 to 17:30),https://www.innovationzero.com/,ok,
Utility,2027-innovation-zero-london,Innovation Zero 2027 (The UK's Clean Tech Congress),CONFERENCE DATES,"April 28 - April 29, 2027",DIFFERS,REPLACE,"April 27 - April 28, 2027","page states another value, verbatim quote",Tuesday 27 April 2027 (8:45 to 17:30) || Wednesday 28 April 2027 (8:45 to 17:15),https://www.innovationzero.com/,ok,
Utility,2027-innovation-zero-london,Innovation Zero 2027 (The UK's Clean Tech Congress),LOCATION,"Olympia London, London, United Kingdom",UNSUPPORTED,BLANK,,weak: the page was read and does not state it for this edition; it may still be right,Olympia London W14 8UX,https://www.innovationzero.com/,only the city is proven (it agrees); the other part is not,the honest blank for a hint nothing supports
Utility,2027-innovation-zero-london,Innovation Zero 2027 (The UK's Clean Tech Congress),SUBMISSION DEADLINE,11/20/2026,UNSUPPORTED,BLANK,,weak: the page was read and does not state it for this edition; it may still be right,,,the page states nothing for this field and edition,the honest blank for a hint nothing supports
Utility,2026-act-expo-las-vegas,ACT Expo 2027 (Advanced Clean Transportation Expo),START DATE,5/3/2027,DIFFERS,REPLACE,5/17/2027,"page states another value, verbatim quote","CONFERENCE: MAY 17 - 20, 2027",https://www.actexpo.com/,ok,
Utility,2026-act-expo-las-vegas,ACT Expo 2027 (Advanced Clean Transportation Expo),CONFERENCE DATES,"May 3 - May 6, 2027",DIFFERS,REPLACE,"May 17 - May 20, 2027","page states another value, verbatim quote","CONFERENCE: MAY 17 - 20, 2027",https://www.actexpo.com/,ok,
Utility,2026-act-expo-las-vegas,ACT Expo 2027 (Advanced Clean Transportation Expo),LOCATION,"Las Vegas Convention Center (LVCC), Las Vegas, Nevada, USA",UNSUPPORTED,BLANK,,weak: the page was read and does not state it for this edition; it may still be right,Las Vegas,https://www.actexpo.com/,only the city is proven (it agrees); the other part is not,the honest blank for a hint nothing supports
Utility,2026-act-expo-las-vegas,ACT Expo 2027 (Advanced Clean Transportation Expo),SUBMISSION DEADLINE,11/1/2026,UNSUPPORTED,BLANK,,weak: the page was read and does not state it for this edition; it may still be right,,,the page states nothing for this field and edition,the honest blank for a hint nothing supports
Utility,2027-world-hydrogen-summit-exhibition-rotterdam,World Hydrogen 2027 Summit & Exhibition,START DATE,5/11/2027,DIFFERS,REPLACE,5/18/2027,"page states another value, verbatim quote",World Hydrogen Summit 18 May 2027 Rotterdam Ahoy,https://www.world-hydrogen-summit.com/,ok,
Utility,2027-world-hydrogen-summit-exhibition-rotterdam,World Hydrogen 2027 Summit & Exhibition,CONFERENCE DATES,"May 11 - May 13, 2027",DIFFERS,REPLACE,2027-05-18 to ?,"page states another value, verbatim quote",World Hydrogen Summit 18 May 2027 Rotterdam Ahoy,https://www.world-hydrogen-summit.com/,first day differs; last day not proven,
Utility,2027-world-hydrogen-summit-exhibition-rotterdam,World Hydrogen 2027 Summit & Exhibition,LOCATION,"Rotterdam Ahoy, Rotterdam, Netherlands",UNSUPPORTED,BLANK,,weak: the page was read and does not state it for this edition; it may still be right,Rotterdam Ahoy,https://www.world-hydrogen-summit.com/,only the city is proven (it agrees); the other part is not,the honest blank for a hint nothing supports
Utility,2027-world-hydrogen-summit-exhibition-rotterdam,World Hydrogen 2027 Summit & Exhibition,SUBMISSION DEADLINE,11/30/2026,UNSUPPORTED,BLANK,,weak: the page was read and does not state it for this edition; it may still be right,,,the page states nothing for this field and edition,the honest blank for a hint nothing supports
Utility,2027-global-energy-show-canada-calgary,Global Energy Show Canada 2027,SUBMISSION DEADLINE,12/1/2026,UNSUPPORTED,BLANK,,weak: the page was read and does not state it for this edition; it may still be right,,,the page states nothing for this field and edition,the honest blank for a hint nothing supports
Utility,2026-hydrogen-technology-expo-mena-abu-dhabi,Hydrogen Technology Expo MENA 2026,START DATE,11/10/2026,UNSUPPORTED,BLANK,,weak: the page was read and does not state it for this edition; it may still be right,,,the page states nothing for this field and edition,the honest blank for a hint nothing supports
Utility,2026-hydrogen-technology-expo-mena-abu-dhabi,Hydrogen Technology Expo MENA 2026,CONFERENCE DATES,"November 10 - November 11, 2026",UNSUPPORTED,BLANK,,weak: the page was read and does not state it for this edition; it may still be right,,,the page states nothing for this field and edition,the honest blank for a hint nothing supports
Utility,2026-hydrogen-technology-expo-mena-abu-dhabi,Hydrogen Technology Expo MENA 2026,LOCATION,"ADNEC (Abu Dhabi National Exhibition Centre), Abu Dhabi, United Arab Emirates",UNSUPPORTED,BLANK,,weak: the page was read and does not state it for this edition; it may still be right,,,the page states nothing for this field and edition,the honest blank for a hint nothing supports
Utility,2026-hydrogen-technology-expo-mena-abu-dhabi,Hydrogen Technology Expo MENA 2026,SUBMISSION DEADLINE,7/15/2026,UNSUPPORTED,BLANK,,weak: the page was read and does not state it for this edition; it may still be right,,,the page states nothing for this field and edition,the honest blank for a hint nothing supports
Utility,2026-carbon-capture-technology-expo-mena-abu-dhabi,Carbon Capture Technology Expo MENA 2026,LOCATION,"ADNEC (Abu Dhabi National Exhibition Centre), Abu Dhabi, United Arab Emirates",UNSUPPORTED,BLANK,,weak: the page was read and does not state it for this edition; it may still be right,,,the page states nothing for this field and edition,the honest blank for a hint nothing supports
Utility,2026-carbon-capture-technology-expo-mena-abu-dhabi,Carbon Capture Technology Expo MENA 2026,SUBMISSION DEADLINE,7/15/2026,UNSUPPORTED,BLANK,,weak: the page was read and does not state it for this edition; it may still be right,,,the page states nothing for this field and edition,the honest blank for a hint nothing supports
Utility,2026-world-hydrogen-energy-conference-singapore,World Hydrogen Energy Conference 2026 (WHEC 2026 - 24th Edition),START DATE,6/28/2026,UNSUPPORTED,BLANK,,weak: the page was read and does not state it for this edition; it may still be right,,,the page shows 2 date ranges and nothing labels this one as the conference,the honest blank for a hint nothing supports
Utility,2026-world-hydrogen-energy-conference-singapore,World Hydrogen Energy Conference 2026 (WHEC 2026 - 24th Edition),CONFERENCE DATES,"June 28 - July 2, 2026",UNSUPPORTED,BLANK,,weak: the page was read and does not state it for this edition; it may still be right,,,"the page shows 2 date ranges and nothing labels this one as the conference; first day not proven, last day proven",the honest blank for a hint nothing supports
Utility,2026-world-hydrogen-energy-conference-singapore,World Hydrogen Energy Conference 2026 (WHEC 2026 - 24th Edition),SUBMISSION DEADLINE,1/31/2026,UNSUPPORTED,BLANK,,weak: the page was read and does not state it for this edition; it may still be right,,,the page states nothing for this field and edition,the honest blank for a hint nothing supports
Utility,2027-hydrogen-technology-world-expo-hamburg,Hydrogen Technology World Expo 2027,START DATE,10/20/2027,UNSUPPORTED,BLANK,,weak: the page was read and does not state it for this edition; it may still be right,,,the page states nothing for this field and edition,the honest blank for a hint nothing supports
Utility,2027-hydrogen-technology-world-expo-hamburg,Hydrogen Technology World Expo 2027,CONFERENCE DATES,"October 20 - October 21, 2027",UNSUPPORTED,BLANK,,weak: the page was read and does not state it for this edition; it may still be right,,,the page states nothing for this field and edition,the honest blank for a hint nothing supports
Utility,2027-hydrogen-technology-world-expo-hamburg,Hydrogen Technology World Expo 2027,LOCATION,"Hamburg Messe, Hamburg, Germany",UNSUPPORTED,BLANK,,weak: the page was read and does not state it for this edition; it may still be right,,,the page states nothing for this field and edition,the honest blank for a hint nothing supports
Utility,2027-hydrogen-technology-world-expo-hamburg,Hydrogen Technology World Expo 2027,SUBMISSION DEADLINE,5/15/2027,UNSUPPORTED,BLANK,,weak: the page was read and does not state it for this edition; it may still be right,,,the page states nothing for this field and edition,the honest blank for a hint nothing supports
Utility,2027-world-sustainable-energy-days-wsed-wels-speaking,World Sustainable Energy Days 2027,START DATE,3/2/2027,UNSUPPORTED,BLANK,,weak: the page was read and does not state it for this edition; it may still be right,,,the page shows 3 date ranges and nothing labels this one as the conference,the honest blank for a hint nothing supports
Utility,2027-world-sustainable-energy-days-wsed-wels-speaking,World Sustainable Energy Days 2027,CONFERENCE DATES,"March 2-5, 2027",UNSUPPORTED,BLANK,,weak: the page was read and does not state it for this edition; it may still be right,,,"the page shows 3 date ranges and nothing labels this one as the conference; first day not proven, last day proven",the honest blank for a hint nothing supports
Utility,2027-acs-green-chemistry-engineering-conference-reston-speaking,31st Annual Green Chemistry & Engineering Conference (GC&E),SUBMISSION DEADLINE,,FILLS,FILL,10/13/2026,page states a value for a blank,"Call for Symposia: Deadline October 13, 2026",https://www.gcande.org/,ok,
Utility,2027-fuel-ethanol-workshop-sustainable-fuels-summit-omaha-speaking,Fuel Ethanol Workshop and Expo & Sustainable Fuels Summit,SUBMISSION DEADLINE,,FILLS,FILL,2/12/2027,page states a value for a blank,"Presentation abstracts will be accepted for the 2027 Sustainable Fuels Summit: SAF, Renewable Diesel, Biodiesel through February 12, 2027 .",https://few.bbiconferences.com/ema/DisplayPage.aspx?pageId=Sustainable_Fuels_Summit__SAF__Renewable_Diesel__Biodiesel,ok,
Utility,2027-carbon-capture-technology-expo-mena-abu-dhabi-speaking,Carbon Capture Technology Expo MENA 2027,START DATE,6/8/2027,UNSUPPORTED,BLANK,,weak: the page was read and does not state it for this edition; it may still be right,,,the page states nothing for this field and edition,the honest blank for a hint nothing supports
Utility,2027-carbon-capture-technology-expo-mena-abu-dhabi-speaking,Carbon Capture Technology Expo MENA 2027,CONFERENCE DATES,"June 8-9, 2027",UNSUPPORTED,BLANK,,weak: the page was read and does not state it for this edition; it may still be right,,,"the page states nothing for this field and edition; first day not proven, last day proven",the honest blank for a hint nothing supports
Utility,2027-carbon-capture-technology-expo-mena-abu-dhabi-speaking,Carbon Capture Technology Expo MENA 2027,LOCATION,"ADNEC Centre, Abu Dhabi, UAE",UNSUPPORTED,BLANK,,weak: the page was read and does not state it for this edition; it may still be right,"ADNEC Centre, Abu Dhabi",https://www.hydrogenccs-menaexpo.com/,only the city is proven (it agrees); the other part is not,the honest blank for a hint nothing supports
Utility,2026-lng-americas-energy-summit-lake-charles-speaking,LNG Americas Energy Summit,CONFERENCE DATES,,FILLS,FILL,"October 13 - October 15, 2026",page states a value for a blank,"October 13-15, 2026 | Event Center Lake Charles, Lake Charles, USA",https://www.americaslngsummit.com/,ok,
Utility,2026-lng-americas-energy-summit-lake-charles-speaking,LNG Americas Energy Summit,LOCATION,"Lake Charles, LA",DIFFERS,REPLACE,"city Lake Charles, country USA","page states another value, verbatim quote","October 13-15, 2026 | Event Center Lake Charles, Lake Charles, USA",https://www.americaslngsummit.com/,differs in country,venue text of the old value is not kept; the reviewer edits by hand
Utility,2026-global-syngas-technologies-conference-colorado-springs-speaking,Global Syngas Technologies Conferences (GSTC),CONFERENCE DATES,,FILLS,FILL,"October 18 - October 21, 2026",page states a value for a blank,"October 18-21, 2026",https://globalsyngas.org/annual-conference/,ok,
Utility,2026-global-syngas-technologies-conference-colorado-springs-speaking,Global Syngas Technologies Conferences (GSTC),LOCATION,"Boston, MA",UNSUPPORTED,BLANK,,weak: the page was read and does not state it for this edition; it may still be right,Boston,https://globalsyngas.org/annual-conference/,only the city is proven (it agrees); the other part is not,the honest blank for a hint nothing supports
Utility,2026-european-hydrogen-week-brussels-speaking,European Hydrogen Week,CONFERENCE DATES,,FILLS,FILL,"October 26 - October 30, 2026",page states a value for a blank,Save the Date: 26-30 October 2026,https://euhydrogenweek.eu/,ok,
Utility,2026-european-hydrogen-week-brussels-speaking,European Hydrogen Week,LOCATION,"Brussels Expo, Place de Belgique 1, 1020 Brussels, Belgium",UNSUPPORTED,BLANK,,weak: the page was read and does not state it for this edition; it may still be right,,,the page states nothing for this field and edition,the honest blank for a hint nothing supports
Utility,2026-aist-environmental-solutions-air-conference-indianapolis-speaking,AIST Environmental Solutions Air Conference,CONFERENCE DATES,,FILLS,FILL,"October 27 - October 29, 2026",page states a value for a blank,27–29 October 2026,https://imis.aist.org/Shared_Content/Events/EventENVIRO26.aspx?EventKey=ENVIRO26,ok,
Utility,2026-alternative-fuels-chemicals-coalition-washington-speaking,Alternative Fuels & Chemicals Coalition,CONFERENCE DATES,,FILLS,FILL,"November 1 - November 3, 2026",page states a value for a blank,"Below are links to all of the information and events at the 6th Annual AFCC Global Biobased Economy Conference and Exhibition being held in Washington, DC, from November 1-3, 2026.",https://www.altfuelchem.org/afcc-event-detail,ok,
Utility,2026-alternative-fuels-chemicals-coalition-washington-speaking,Alternative Fuels & Chemicals Coalition,LOCATION,"Gaylord National Resort & Convention Center, Washington, DC",UNSUPPORTED,BLANK,,weak: the page was read and does not state it for this edition; it may still be right,"The 2026 Alternative Fuels and Chemicals Coalition Conference is being held at the Gaylord National Resort & Convention Center in Washington, DC.",https://www.altfuelchem.org/afcc-event-detail,only the city is proven (it agrees); the other part is not,the honest blank for a hint nothing supports
Utility,2026-global-energy-transition-congress-milan-speaking,Global Energy Transition Congress,START DATE,11/2/2026,UNSUPPORTED,BLANK,,weak: the page was read and does not state it for this edition; it may still be right,,,the page states nothing for this field and edition,the honest blank for a hint nothing supports
Utility,2026-sustainable-aviation-futures-apac-singapore-speaking,Sustainable Aviation Futures (APAC),START DATE,11/23/2026,UNSUPPORTED,BLANK,,weak: the page was read and does not state it for this edition; it may still be right,,,"the quote does not state that day, month and year",the honest blank for a hint nothing supports
Utility,2027-sustainable-aviation-futures-mena-dubai-speaking,Sustainable Aviation Futures (MENA),CONFERENCE DATES,,FILLS,FILL,"February 1 - February 3, 2027",page states a value for a blank,1–3 February 2027,https://www.safcongressmena.com/,ok,
Utility,2027-sustainable-aviation-futures-mena-dubai-speaking,Sustainable Aviation Futures (MENA),LOCATION,"Dubai, UAE",UNSUPPORTED,BLANK,,weak: the page was read and does not state it for this edition; it may still be right,"Dubai, 1–3 February 2027",https://www.safcongressmena.com/,only the city is proven (it agrees); the other part is not,the honest blank for a hint nothing supports
Utility,2027-smart-energy-week-tokyo-speaking,Smart Energy Week,START DATE,3/24/2027,UNSUPPORTED,BLANK,,weak: the page was read and does not state it for this edition; it may still be right,,,the page states nothing for this field and edition,the honest blank for a hint nothing supports
Utility,2027-smart-energy-week-tokyo-speaking,Smart Energy Week,LOCATION,"Tokyo Big Sight, Japan",UNSUPPORTED,BLANK,,weak: the page was read and does not state it for this edition; it may still be right,,,the page states nothing for this field and edition,the honest blank for a hint nothing supports
Utility,2027-sustainable-aviation-futures-congress-amsterdam-speaking,Sustainable Aviation Futures Congress,CONFERENCE DATES,,FILLS,FILL,"May 24 - May 26, 2027",page states a value for a blank,24 – 26 May 2027,https://www.safcongress.com/,ok,
Utility,2027-sustainable-aviation-futures-congress-amsterdam-speaking,Sustainable Aviation Futures Congress,LOCATION,"Beurs van Berlage, Amsterdam",UNSUPPORTED,BLANK,,weak: the page was read and does not state it for this edition; it may still be right,Amsterdam 24 – 26 May 2027,https://www.safcongress.com/,only the city is proven (it agrees); the other part is not,the honest blank for a hint nothing supports
Utility,2027-biofuels-international-conference-expo-brussels-speaking,Biofuels Internatinal Conference & Expo,CONFERENCE DATES,,FILLS,FILL,"June 15 - June 16, 2027",page states a value for a blank,15-16 June 2027,https://biofuels-news.com/conference/,ok,
Utility,2027-carbon-capture-global-summit-london-speaking,Carbon Capture Global Summit,CONFERENCE DATES,,FILLS,FILL,"September 7 - September 8, 2027",page states a value for a blank,"7-8 September 2027 | Church House Westminster, London",https://www.carboncaptureglobalsummit.com/,ok,
Utility,2027-carbon-capture-global-summit-london-speaking,Carbon Capture Global Summit,LOCATION,Rotterdam,DIFFERS,REPLACE,city London,"page states another value, verbatim quote","7-8 September 2027 | Church House Westminster, London",https://www.carboncaptureglobalsummit.com/,differs in city,venue text of the old value is not kept; the reviewer edits by hand
Utility,2027-aist-material-science-technology-pittsburgh-speaking,AIST Material Science and Technology (MS&T),CONFERENCE DATES,,FILLS,FILL,"October 24 - October 27, 2027",page states a value for a blank,"October 24–27, 2027 | David L. Lawrence Convention Center | Pittsburgh, Pennsylvania, USA",https://www.matscitech.org/MST27,ok,
Utility,2027-aist-material-science-technology-pittsburgh-speaking,AIST Material Science and Technology (MS&T),SUBMISSION DEADLINE,,FILLS,FILL,5/1/2027,page states a value for a blank,"Abstracts Due May 1, 2027",https://www.matscitech.org/MST27,ok,
Utility,2027-afpm-summit-san-antonio-speaking,American Fuel & Petrochemical Manufacturers (AFPM) Summit,LOCATION,"Gaylord Texan Resort & Convention Center, Grapevine, TX",UNSUPPORTED,BLANK,,weak: the page was read and does not state it for this edition; it may still be right,,,"the page states nothing for this field and edition; the page text never mentions 2027 (it shows 2025, 2026)",the honest blank for a hint nothing supports
Utility,2028-world-of-concrete-las-vegas-speaking,World of Concrete 2028,START DATE,1/25/2028,UNSUPPORTED,BLANK,,weak: the page was read and does not state it for this edition; it may still be right,,,"the quote does not state that day, month and year",the honest blank for a hint nothing supports
Utility,2028-world-of-concrete-las-vegas-speaking,World of Concrete 2028,LOCATION,"Las Vegas, NV, USA",UNSUPPORTED,BLANK,,weak: the page was read and does not state it for this edition; it may still be right,,,the page states nothing for this field and edition,the honest blank for a hint nothing supports
Utility,2026-industrial-net-zero-conference-sydney-speaking,Industrial Net Zero Conference 2026,CONFERENCE DATES,,FILLS,FILL,"October 13 - October 14, 2026",page states a value for a blank,13 - 14 October 2026 Greenhouse | Sydney,https://www.industrialnetzeroconference.com.au/,ok,
Utility,2026-industrial-net-zero-conference-sydney-speaking,Industrial Net Zero Conference 2026,LOCATION,"Sydney, Australia",UNSUPPORTED,BLANK,,weak: the page was read and does not state it for this edition; it may still be right,Greenhouse | Sydney,https://www.industrialnetzeroconference.com.au/,only the city is proven (it agrees); the other part is not,the honest blank for a hint nothing supports
Utility,2027-hydrogen-technology-expo-mena-abu-dhabi-speaking,Hydrogen Technology Expo MENA 2027,CONFERENCE DATES,,FILLS,FILL,"June 8 - June 9, 2027",page states a value for a blank,Tuesday 8th June 2027 || Wednesday 9th June 2027,https://www.hydrogenccs-menaexpo.com/welcome-hydrogen,ok,
Utility,2027-hydrogen-technology-expo-mena-abu-dhabi-speaking,Hydrogen Technology Expo MENA 2027,LOCATION,"ADNEC Centre Abu Dhabi, Al Khaleej Al Arabi Street, Abu Dhabi, Abu Dhabi Emirate 5546, UAE",UNSUPPORTED,BLANK,,weak: the page was read and does not state it for this edition; it may still be right,Abu Dhabi,https://www.hydrogenccs-menaexpo.com/welcome-hydrogen,only the city is proven (it agrees); the other part is not,the honest blank for a hint nothing supports
Utility,2026-sustainable-aviation-futures-nam-houston-speaking,Sustainable Aviation Futures (NAM),CONFERENCE DATES,,FILLS,FILL,"November 4 - November 6, 2026",page states a value for a blank,"November 4–6, 2026 · Marriott Marquis, Houston",https://www.safcongressna.com/,ok,
Utility,2026-sustainable-aviation-futures-nam-houston-speaking,Sustainable Aviation Futures (NAM),LOCATION,"Marriott Marquis, Houston, Texas",UNSUPPORTED,BLANK,,weak: the page was read and does not state it for this edition; it may still be right,"Marriott Marquis, Houston",https://www.safcongressna.com/,only the city is proven (it agrees); the other part is not,the honest blank for a hint nothing supports
Utility,2027-asia-pacific-hydrogen-summit-brisbane-speaking,Asia Pacific Hydrogen Summit & Exhibition,CONFERENCE DATES,,FILLS,FILL,"September 23 - September 24, 2027",page states a value for a blank,Thursday 23 September 2027 || Friday 24 September 2027,https://www.world-hydrogen-summit.com/asia-pacific/en-gb.html,ok,
Utility,2027-asia-pacific-hydrogen-summit-brisbane-speaking,Asia Pacific Hydrogen Summit & Exhibition,LOCATION,"Brisbane Convention & Exhibition Centre, Brisbane, Australia",UNSUPPORTED,BLANK,,weak: the page was read and does not state it for this edition; it may still be right,Brisbane Convention & Exhibition Centre,https://www.world-hydrogen-summit.com/asia-pacific/en-gb.html,only the city is proven (it agrees); the other part is not,the honest blank for a hint nothing supports
Utility,2027-gastech-milan-speaking,Gastech,CONFERENCE DATES,,FILLS,FILL,"September 14 - September 17, 2027",page states a value for a blank,"EXHIBITION & CONFERENCE 14 - 17 SEPTEMBER 2027 HOUSTON, UNITED STATES",https://www.gastechevent.com,ok,
Utility,2027-decarb-connect-uk-london-speaking,Decarb Connect UK 2027,CONFERENCE DATES,,FILLS,FILL,"April 13 - April 15, 2027",page states a value for a blank,"13 - 15 April, 2027",https://decarbconnectuk.com,ok,
Utility,2027-cleantech-forum-north-america-san-diego,Clean Tech Forum,CONFERENCE DATES,,FILLS,FILL,"January 25 - January 27, 2027",page states a value for a blank,"January 25-27, 2027",https://www.cleantech.com/event/cleantech-forum-na/,ok,
Utility,2027-cleantech-forum-north-america-san-diego,Clean Tech Forum,LOCATION,"Paradise Point Resort & Spa, 1404 Vacation Road, San Diego, CA 92109",UNSUPPORTED,BLANK,,weak: the page was read and does not state it for this edition; it may still be right,San Diego,https://www.cleantech.com/event/cleantech-forum-na/,only the city is proven (it agrees); the other part is not,the honest blank for a hint nothing supports
Utility,2026-co2-based-fuels-and-chemicals-conference-cologne,CO2-based Fuels and Chemicals Conference,CONFERENCE DATES,,FILLS,FILL,"April 21 - April 22, 2027",page states a value for a blank,21-22 April 2027,https://co2-chemistry.eu/,ok,
Utility,2026-co2-based-fuels-and-chemicals-conference-cologne,CO2-based Fuels and Chemicals Conference,SUBMISSION DEADLINE,,FILLS,FILL,11/16/2026,page states a value for a blank,Call for Abstracts: 16 Nov. 2026,https://co2-chemistry.eu/,ok,
Utility,2027-arpa-e-energy-innovation-summit-orlando,ARPA-E Summit,CONFERENCE DATES,,FILLS,FILL,"April 26 - April 28, 2027",page states a value for a blank,"The 2027 ARPA-E Energy Innovation Summit will take place April 26-28, 2027, at the Gaylord Palms Resort & Convention Center in Orlando, Florida.",https://www.arpae-summit.com/,ok,
Utility,2027-arpa-e-energy-innovation-summit-orlando,ARPA-E Summit,LOCATION,"Gaylord Palms Resort & Convention Center, Orlando, FL",DIFFERS,REPLACE,"city Orlando, country United States","page states another value, verbatim quote","The 2027 ARPA-E Energy Innovation Summit will take place April 26-28, 2027, at the Gaylord Palms Resort & Convention Center in Orlando, Florida.",https://www.arpae-summit.com/,differs in country,venue text of the old value is not kept; the reviewer edits by hand
Utility,2026-european-biomass-conference-exhibition-reims,European Biomass Conference & Exhibition,START DATE,5/25/2027,UNSUPPORTED,BLANK,,weak: the page was read and does not state it for this edition; it may still be right,,,"the quote does not state that day, month and year",the honest blank for a hint nothing supports
Utility,2026-european-biomass-conference-exhibition-reims,European Biomass Conference & Exhibition,SUBMISSION DEADLINE,,FILLS,FILL,10/30/2026,page states a value for a blank,Abstract Submission Deadline: 30 October 2026,https://www.eubce.com/,ok,
Utility,2026-japan-ccus-summit-tokyo-speaking,Japan CCUS Summit 2026,CONFERENCE DATES,,FILLS,FILL,"October 19 - October 20, 2026",page states a value for a blank,19-20 October 2026,https://www.japanccussummit.com,ok,
